Home,Away
Mexico mx,za South Africa
Korea Republic kr,cz Czechia
Canada ca,ba Bosnia–Herz
USA us,py Paraguay
Qatar qa,ch Switzerland
Brazil br,ma Morocco
Australia au,tr Türkiye
Haiti ht,sct Scotland
Germany de,cw Curaçao
Netherlands nl,jp Japan
Côte d'Ivoire ci,ec Ecuador
Sweden se,tn Tunisia
Belgium be,eg Egypt
Spain es,cv Cabo Verde
Saudi Arabia sa,uy Uruguay
IR Iran ir,nz New Zealand
France fr,sn Senegal
Iraq iq,no Norway
Argentina ar,dz Algeria
Austria at,jo Jordan
Portugal pt,cd Congo DR
England eng,hr Croatia
Ghana gh,pa Panama
Uzbekistan uz,co Colombia
Czechia cz,za South Africa
Switzerland ch,ba Bosnia–Herz
Canada ca,qa Qatar
Mexico mx,kr Korea Republic
USA us,au Australia
Scotland sct,ma Morocco
Türkiye tr,py Paraguay
Brazil br,ht Haiti
Netherlands nl,se Sweden
Germany de,ci Côte d'Ivoire
Ecuador ec,cw Curaçao
Tunisia tn,jp Japan
Spain es,sa Saudi Arabia
Belgium be,ir IR Iran
Uruguay uy,cv Cabo Verde
New Zealand nz,eg Egypt
Argentina ar,at Austria
France fr,iq Iraq
Norway no,sn Senegal
Jordan jo,dz Algeria
Portugal pt,uz Uzbekistan
England eng,gh Ghana
Panama pa,hr Croatia
Colombia co,cd Congo DR
Switzerland ch,ca Canada
Bosnia–Herz ba,qa Qatar
Scotland sct,br Brazil
Morocco ma,ht Haiti
South Africa za,kr Korea Republic
Czechia cz,mx Mexico
Curaçao cw,ci Côte d'Ivoire
Ecuador ec,de Germany
Tunisia tn,nl Netherlands
Japan jp,se Sweden
Türkiye tr,us USA
Paraguay py,au Australia
Norway no,fr France
Senegal sn,iq Iraq
Uruguay uy,es Spain
Cabo Verde cv,sa Saudi Arabia
Egypt eg,ir IR Iran
New Zealand nz,be Belgium
Croatia hr,gh Ghana
Panama pa,eng England
Congo DR cd,uz Uzbekistan
Colombia co,pt Portugal
Jordan jo,ar Argentina
Algeria dz,at Austria
,
South Africa za,ca Canada
Brazil br,jp Japan
Germany de,py Paraguay
Netherlands nl,ma Morocco
Côte d'Ivoire ci,no Norway
France fr,se Sweden
Mexico mx,ec Ecuador
England eng,cd Congo DR
Belgium be,sn Senegal
USA us,ba Bosnia–Herz
Spain es,at Austria
Portugal pt,hr Croatia
Switzerland ch,dz Algeria
Australia au,eg Egypt
Argentina ar,cv Cabo Verde
Colombia co,gh Ghana
Canada ca,ma Morocco
Paraguay py,fr France
Brazil br,no Norway
Mexico mx,eng England
Portugal pt,es Spain
USA us,be Belgium
Argentina ar,eg Egypt
Switzerland ch,co Colombia
France fr,ma Morocco
Spain es,be Belgium
Norway no,eng England
Argentina ar,ch Switzerland
France fr,es Spain
England eng,ar Argentina
France fr,eng England
Spain es,ar Argentina