Team,Opponent,FIFA points,Opp FIFA points,Avg Goals Scored,Opp Avg Conceded,,,,,Goals
Mexico,South Africa,,,,,,,,,2
Korea Republic,Czechia,,,,,,,,,2
Canada,Bosnia-Herz,,,,,,,,,1
USA,Paraguay,,,,,,,,,4
Qatar,Switzerland,,,,,,,,,1
Brazil,Morocco,,,,,,,,,1
Australia,Türkiye,,,,,,,,,2
Haiti,Scotland,1293.1,,,,,,,,0
Germany,Curaçao,1735.77,,,,,,,,7
Netherlands,Japan,1753.57,,,,,,,,2
Côte d'Ivoire,Ecuador,,,,,,,,,1
Sweden,Tunisia,,,,,,,,,5
Belgium,Egypt,,,,,,,,,1
Spain,Cabo Verde,,,,,,,,,0
Saudi Arabia,Uruguay,,,,,,,,,1
IR Iran,New Zealand,,,,,,,,,2
France,Senegal,,,,,,,,,3
Iraq,Norway,,,,,,,,,1
Argentina,Algeria,,,,,,,,,3
Austria,Jordan,,,,,,,,,3
Portugal,Congo DR,,,,,,,,,1
England,Croatia,,,,,,,,,4
Ghana,Panama,,,,,,,,,1
Uzbekistan,Colombia,,,,,,,,,1
Czechia,South Africa,,,,,,,,,1
Switzerland,Bosnia-Herz,,,,,,,,,4
Canada,Qatar,,,,,,,,,6
Mexico,Korea Republic,,,,,,,,,1
USA,Australia,,,,,,,,,2
Scotland,Morocco,,,,,,,,,0
Türkiye,Paraguay,,,,,,,,,0
Brazil,Haiti,,,,,,,,,3
Netherlands,Sweden,,,,,,,,,5
Germany,Côte d'Ivoire,,,,,,,,,2
Ecuador,Curaçao,,,,,,,,,0
Tunisia,Japan,,,,,,,,,0
Spain,Saudi Arabia,,,,,,,,,4
Belgium,IR Iran,,,,,,,,,0
Uruguay,Cabo Verde,,,,,,,,,2
New Zealand,Egypt,,,,,,,,,1
Argentina,Austria,,,,,,,,,2
France,Iraq,,,,,,,,,3
Norway,Senegal,,,,,,,,,3
Jordan,Algeria,,,,,,,,,1
Portugal,Uzbekistan,,,,,,,,,5
England,Ghana,,,,,,,,,0
Panama,Croatia,,,,,,,,,0
Colombia,Congo DR,,,,,,,,,1
Switzerland,Canada,,,,,,,,,2
Bosnia-Herz,Qatar,,,,,,,,,3
Scotland,Brazil,,,,,,,,,0
Morocco,Haiti,,,,,,,,,4
South Africa,Korea Republic,,,,,,,,,1
Czechia,Mexico,,,,,,,,,0
Curaçao,Côte d'Ivoire,,,,,,,,,0
Ecuador,Germany,,,,,,,,,2
Tunisia,Netherlands,,,,,,,,,1
Japan,Sweden,,,,,,,,,1
Türkiye,USA,,,,,,,,,3
Paraguay,Australia,,,,,,,,,0
Norway,France,,,,,,,,,1
Senegal,Iraq,,,,,,,,,5
Uruguay,Spain,,,,,,,,,0
Cabo Verde,Saudi Arabia,,,,,,,,,0
Egypt,IR Iran,,,,,,,,,1
New Zealand,Belgium,,,,,,,,,1
Croatia,Ghana,,,,,,,,,2
Panama,England,,,,,,,,,0
Congo DR,Uzbekistan,,,,,,,,,3
Colombia,Portugal,,,,,,,,,0
Jordan,Argentina,,,,,,,,,1
Algeria,Austria,,,,,,,,,3
South Africa,Canada,,,,,,,,,0
Brazil,Japan,,,,,,,,,2
Germany,Paraguay,,,,,,,,,1
Netherlands,Morocco,,,,,,,,,1
Côte d'Ivoire,Norway,,,,,,,,,1
France,Sweden,,,,,,,,,3
Mexico,Ecuador,,,,,,,,,2
England,Congo DR,,,,,,,,,2
Belgium,Senegal,,,,,,,,,3
USA,Bosnia-Herz,,,,,,,,,2
Spain,Austria,,,,,,,,,3
Portugal,Croatia,,,,,,,,,2
Switzerland,Algeria,,,,,,,,,2
Australia,Egypt,,,,,,,,,1
Argentina,Cabo Verde,,,,,,,,,3
Colombia,Ghana,,,,,,,,,1
Canada,Morocco,,,,,,,,,0
Paraguay,France,,,,,,,,,0
Brazil,Norway,,,,,,,,,1
Mexico,England,,,,,,,,,2
Portugal,Spain,,,,,,,,,0
USA,Belgium,,,,,,,,,1
Argentina,Egypt,,,,,,,,,3
Switzerland,Colombia,,,,,,,,,0
France,Morocco,,,,,,,,,2
Spain,Belgium,,,,,,,,,2
Norway,England,,,,,,,,,1
Argentina,Switzerland,,,,,,,,,3
France,Spain,,,,,,,,,0
England,Argentina,,,,,,,,,1
France,England,,,,,,,,,4
Spain,Argentina,,,,,,,,,1
South Africa,Mexico,,,,,,,,,0
Czechia,Korea Republic,,,,,,,,,1
Bosnia-Herz,Canada,,,,,,,,,1
Paraguay,USA,,,,,,,,,1
Switzerland,Qatar,,,,,,,,,1
Morocco,Brazil,,,,,,,,,1
Türkiye,Australia,,,,,,,,,0
Scotland,Haiti,,,,,,,,,1
Curaçao,Germany,,,,,,,,,1
Japan,Netherlands,,,,,,,,,2
Ecuador,Côte d'Ivoire,,,,,,,,,0
Tunisia,Sweden,,,,,,,,,1
Egypt,Belgium,,,,,,,,,1
Cabo Verde,Spain,,,,,,,,,0
Uruguay,Saudi Arabia,,,,,,,,,1
New Zealand,IR Iran,,,,,,,,,2
Senegal,France,,,,,,,,,1
Norway,Iraq,,,,,,,,,4
Algeria,Argentina,,,,,,,,,0
Jordan,Austria,,,,,,,,,1
Congo DR,Portugal,,,,,,,,,1
Croatia,England,,,,,,,,,2
Panama,Ghana,,,,,,,,,0
Colombia,Uzbekistan,,,,,,,,,3
South Africa,Czechia,,,,,,,,,1
Bosnia-Herz,Switzerland,,,,,,,,,1
Qatar,Canada,,,,,,,,,0
Korea Republic,Mexico,,,,,,,,,0
Australia,USA,,,,,,,,,0
Morocco,Scotland,,,,,,,,,1
Paraguay,Türkiye,,,,,,,,,1
Haiti,Brazil,,,,,,,,,0
Sweden,Netherlands,,,,,,,,,1
Côte d'Ivoire,Germany,,,,,,,,,1
Curaçao,Ecuador,,,,,,,,,0
Japan,Tunisia,,,,,,,,,4
Saudi Arabia,Spain,,,,,,,,,0
IR Iran,Belgium,,,,,,,,,0
Cabo Verde,Uruguay,,,,,,,,,2
Egypt,New Zealand,,,,,,,,,3
Austria,Argentina,,,,,,,,,0
Iraq,France,,,,,,,,,0
Senegal,Norway,,,,,,,,,2
Algeria,Jordan,,,,,,,,,2
Uzbekistan,Portugal,,,,,,,,,0
Ghana,England,,,,,,,,,0
Croatia,Panama,,,,,,,,,1
Congo DR,Colombia,,,,,,,,,0
Canada,Switzerland,,,,,,,,,1
Qatar,Bosnia-Herz,,,,,,,,,1
Brazil,Scotland,,,,,,,,,3
Haiti,Morocco,,,,,,,,,2
Korea Republic,South Africa,,,,,,,,,0
Mexico,Czechia,,,,,,,,,3
Côte d'Ivoire,Curaçao,,,,,,,,,2
Germany,Ecuador,,,,,,,,,1
Netherlands,Tunisia,,,,,,,,,3
Sweden,Japan,,,,,,,,,1
USA,Türkiye,,,,,,,,,2
Australia,Paraguay,,,,,,,,,0
France,Norway,,,,,,,,,4
Iraq,Senegal,,,,,,,,,0
Spain,Uruguay,,,,,,,,,1
Saudi Arabia,Cabo Verde,,,,,,,,,0
IR Iran,Egypt,,,,,,,,,1
Belgium,New Zealand,,,,,,,,,5
Ghana,Croatia,,,,,,,,,1
England,Panama,,,,,,,,,2
Uzbekistan,Congo DR,,,,,,,,,1
Portugal,Colombia,,,,,,,,,0
Argentina,Jordan,,,,,,,,,3
Austria,Algeria,,,,,,,,,3
Canada,South Africa,,,,,,,,,1
Japan,Brazil,,,,,,,,,1
Paraguay,Germany,,,,,,,,,1
Morocco,Netherlands,,,,,,,,,1
Norway,Côte d'Ivoire,,,,,,,,,2
Sweden,France,,,,,,,,,0
Ecuador,Mexico,,,,,,,,,0
Congo DR,England,,,,,,,,,1
Senegal,Belgium,,,,,,,,,2
Bosnia-Herz,USA,,,,,,,,,0
Austria,Spain,,,,,,,,,0
Croatia,Portugal,,,,,,,,,1
Algeria,Switzerland,,,,,,,,,0
Egypt,Australia,,,,,,,,,1
Cabo Verde,Argentina,,,,,,,,,2
Ghana,Colombia,,,,,,,,,0
Morocco,Canada,,,,,,,,,3
France,Paraguay,,,,,,,,,1
Norway,Brazil,,,,,,,,,2
England,Mexico,,,,,,,,,3
Spain,Portugal,,,,,,,,,1
Belgium,USA,,,,,,,,,4
Egypt,Argentina,,,,,,,,,2
Colombia,Switzerland,,,,,,,,,0
Morocco,France,,,,,,,,,0
Belgium,Spain,,,,,,,,,1
England,Norway,,,,,,,,,2
Switzerland,Argentina,,,,,,,,,1
Spain,France,,,,,,,,,2
Argentina,England,,,,,,,,,2
England,France,,,,,,,,,6
Argentina,Spain,,,,,,,,,0
