Team,Opponent,FIFA points,Opp FIFA points,Avg Scored,Opp Avg Conceded,Rest Days,Last 5 Avg Scored,Last 5 Opp Avg Conceded,Win Rate,Goals
Mexico,South Africa,1687.48,1428.38,1.45,0.8461538461538461,7,1.8,1.0,0.55,2
Korea Republic,Czechia,1591.63,1505.74,1.5,0.9,8,1.4,1.2,0.6,2
Canada,Bosnia-Herz,1559.48,1387.22,1.5,1.0,7,1.4,0.8,0.42857142857142855,1
USA,Paraguay,1671.23,1505.35,1.9375,1.0,6,2.2,1.0,0.5625,4
Qatar,Switzerland,1450.31,1650.06,0.8181818181818182,0.8,7,0.2,1.4,0.09090909090909091,1
Brazil,Morocco,1765.86,1755.1,2.5,0.2916666666666667,7,2.6,0.6,0.6,1
Australia,Türkiye,1579.34,1605.73,1.3,1.3,7,1.4,0.6,0.5,2
Haiti,Scotland,1293.1,1503.34,1.3076923076923077,1.0,8,1.6,1.0,0.3076923076923077,0
Germany,Curaçao,1735.77,1294.77,2.8,1.3076923076923077,8,3.6,2.2,0.9,7
Netherlands,Japan,1753.57,1661.58,2.2,0.6666666666666666,6,1.8,0.0,0.6,2
Côte d'Ivoire,Ecuador,1540.87,1598.52,2.142857142857143,0.5,10,2.4,0.6,0.7142857142857143,1
Sweden,Tunisia,1509.79,1476.41,1.3,1.0555555555555556,10,2.0,1.4,0.2,5
Belgium,Egypt,1742.24,1562.37,3.7,0.75,9,4.0,0.4,0.7,1
Spain,Cabo Verde,1874.71,1371.11,2.8,1.2,7,1.8,1.8,0.7,0
Saudi Arabia,Uruguay,1423.88,1673.07,1.05,0.875,6,1.0,1.4,0.4,1
IR Iran,New Zealand,1619.58,1275.58,1.75,1.8,11,2.2,2.0,0.5,2
France,Senegal,1870.7,1684.07,2.5,0.7647058823529411,8,2.4,1.4,0.8,3
Iraq,Norway,1446.28,1557.44,1.0714285714285714,0.8,7,0.8,1.0,0.5714285714285714,1
Argentina,Algeria,1877.27,1571.03,2.6666666666666665,0.42105263157894735,7,2.8,0.4,0.8888888888888888,3
Austria,Jordan,1597.4,1387.74,2.5555555555555554,1.625,15,2.0,2.6,0.7777777777777778,3
Portugal,Congo DR,1767.85,1474.43,2.6,0.6428571428571429,7,3.0,0.6,0.7,1
England,Croatia,1828.02,1714.87,2.4,1.0,7,1.4,1.8,0.8,4
Ghana,Panama,1346.88,1539.16,1.1,1.2352941176470589,15,0.6,2.2,0.3,1
Uzbekistan,Colombia,1458.73,1698.35,1.2222222222222223,1.0,9,1.2,1.2,0.3333333333333333,1
Czechia,South Africa,1505.74,1428.38,2.2,0.8461538461538461,7,2.4,1.0,0.5,1
Switzerland,Bosnia-Herz,1650.06,1387.22,2.2,1.0,5,1.8,0.8,0.5,4
Canada,Qatar,1559.48,1450.31,1.5,1.5454545454545454,6,1.2,1.2,0.42857142857142855,6
Mexico,Korea Republic,1687.48,1591.63,1.45,1.2,7,2.2,1.2,0.55,1
USA,Australia,1671.23,1579.34,1.9375,1.0,7,2.0,0.6,0.5625,2
Scotland,Morocco,1503.34,1755.1,2.1,0.2916666666666667,6,1.8,0.6,0.6,0
Türkiye,Paraguay,1605.73,1505.35,2.5,1.0,6,1.6,1.4,0.8,0
Brazil,Haiti,1765.86,1293.1,2.5,1.0769230769230769,6,2.6,1.0,0.6,3
Netherlands,Sweden,1753.57,1509.79,2.2,2.0,6,1.4,1.8,0.6,5
Germany,Côte d'Ivoire,1735.77,1540.87,2.8,0.5714285714285714,6,3.8,0.8,0.9,2
Ecuador,Curaçao,1598.52,1294.77,1.2,1.3076923076923077,6,1.4,3.6,0.4,0
Tunisia,Japan,1476.41,1661.58,1.7222222222222223,0.6666666666666666,6,0.4,0.4,0.4444444444444444,0
Spain,Saudi Arabia,1874.71,1423.88,2.8,1.15,6,1.4,1.0,0.7,4
Belgium,IR Iran,1742.24,1619.58,3.7,0.625,6,2.8,1.0,0.7,0
Uruguay,Cabo Verde,1673.07,1371.11,1.0,1.2,6,0.6,1.6,0.375,2
New Zealand,Egypt,1275.58,1562.37,0.7,0.75,6,1.2,0.6,0.1,1
Argentina,Austria,1877.27,1597.4,2.6666666666666665,0.4444444444444444,6,3.0,0.6,0.8888888888888888,2
France,Iraq,1870.7,1446.28,2.5,0.7857142857142857,6,2.4,1.6,0.8,3
Norway,Senegal,1557.44,1684.07,3.1,0.7647058823529411,6,1.8,1.4,0.6,3
Jordan,Algeria,1387.74,1571.03,1.625,0.42105263157894735,6,1.2,0.6,0.375,1
Portugal,Uzbekistan,1767.85,1458.73,2.6,1.0,6,1.4,1.6,0.7,5
England,Ghana,1828.02,1346.88,2.4,1.4,6,1.8,2.0,0.8,0
Panama,Croatia,1539.16,1714.87,1.8235294117647058,1.0,6,1.8,2.2,0.47058823529411764,0
Colombia,Congo DR,1698.35,1474.43,2.5,0.6428571428571429,6,2.0,0.6,0.7,1
Switzerland,Canada,1650.06,1559.48,2.2,0.42857142857142855,6,2.0,0.4,0.5,2
Bosnia-Herz,Qatar,1387.22,1450.31,2.0,1.5454545454545454,6,0.8,2.2,0.3,3
Scotland,Brazil,1503.34,1765.86,2.1,1.1,5,1.8,1.0,0.6,0
Morocco,Haiti,1755.1,1293.1,2.0833333333333335,1.0769230769230769,5,2.4,1.4,0.7916666666666666,4
South Africa,Korea Republic,1428.38,1591.63,1.4615384615384615,1.2,6,0.6,0.6,0.46153846153846156,1
Czechia,Mexico,1505.74,1687.48,2.2,0.7,6,2.2,0.2,0.5,0
Curaçao,Côte d'Ivoire,1294.77,1540.87,1.6153846153846154,0.5714285714285714,5,1.4,0.6,0.3076923076923077,0
Ecuador,Germany,1598.52,1735.77,1.2,0.8,5,1.2,0.8,0.4,2
Tunisia,Netherlands,1476.41,1753.57,1.7222222222222223,0.8,5,0.2,1.2,0.4444444444444444,1
Japan,Sweden,1661.58,1509.79,1.4444444444444444,2.0,5,1.8,2.6,0.6666666666666666,1
Türkiye,USA,1605.73,1671.23,2.5,1.4375,6,1.4,1.4,0.8,3
Paraguay,Australia,1505.35,1579.34,1.3333333333333333,1.0,6,1.6,1.0,0.4444444444444444,0
Norway,France,1557.44,1870.7,3.1,0.9,4,2.2,1.0,0.6,1
Senegal,Iraq,1684.07,1446.28,2.411764705882353,0.7857142857142857,4,1.6,2.0,0.7058823529411765,5
Uruguay,Spain,1673.07,1874.71,1.0,0.4,5,1.0,0.4,0.375,0
Cabo Verde,Saudi Arabia,1371.11,1423.88,1.6,1.15,5,1.2,1.4,0.4,0
Egypt,IR Iran,1562.37,1619.58,1.2,0.625,5,1.2,0.6,0.45,1
New Zealand,Belgium,1275.58,1742.24,0.7,0.6,5,1.4,0.4,0.1,1
Croatia,Ghana,1714.87,1346.88,1.9,1.4,4,1.2,1.0,0.7,2
Panama,England,1539.16,1828.02,1.8235294117647058,0.2,4,1.4,0.6,0.47058823529411764,0
Congo DR,Uzbekistan,1474.43,1458.73,1.3571428571428572,1.0,4,0.6,2.4,0.5714285714285714,3
Colombia,Portugal,1698.35,1767.85,2.5,0.9,4,2.0,0.6,0.7,0
Jordan,Argentina,1387.74,1877.27,1.625,0.2222222222222222,5,1.0,0.0,0.375,1
Algeria,Austria,1571.03,1597.4,2.1578947368421053,0.4444444444444444,5,1.4,0.8,0.7368421052631579,3
South Africa,Canada,1428.38,1559.48,1.4615384615384615,0.42857142857142855,4,0.6,0.8,0.46153846153846156,0
Brazil,Japan,1765.86,1661.58,2.5,0.6666666666666666,5,3.0,0.6,0.6,2
Germany,Paraguay,1735.77,1505.35,2.8,1.0,4,3.2,1.2,0.9,1
Netherlands,Morocco,1753.57,1755.1,2.2,0.2916666666666667,4,2.4,0.8,0.6,1
Côte d'Ivoire,Norway,1540.87,1557.44,2.142857142857143,0.8,5,1.4,1.8,0.7142857142857143,1
France,Sweden,1870.7,1509.79,2.5,2.0,4,2.8,2.4,0.8,3
Mexico,Ecuador,1687.48,1598.52,1.45,0.5,6,2.4,0.6,0.55,2
England,Congo DR,1828.02,1474.43,2.4,0.6428571428571429,4,2.0,1.0,0.8,2
Belgium,Senegal,1742.24,1684.07,3.7,0.7647058823529411,5,2.6,1.8,0.7,3
USA,Bosnia-Herz,1671.23,1387.22,1.9375,1.0,6,2.4,1.4,0.5625,2
Spain,Austria,1874.71,1597.4,2.8,0.4444444444444444,6,1.8,1.2,0.7,3
Portugal,Croatia,1767.85,1714.87,2.6,1.0,5,2.0,1.6,0.7,2
Switzerland,Algeria,1650.06,1571.03,2.2,0.42105263157894735,8,2.4,1.4,0.5,2
Australia,Egypt,1579.34,1562.37,1.3,0.75,8,0.6,1.0,0.5,1
Argentina,Cabo Verde,1877.27,1371.11,2.6666666666666665,1.2,6,2.6,1.0,0.8888888888888888,3
Colombia,Ghana,1698.35,1346.88,2.5,1.4,6,1.8,1.0,0.7,1
Canada,Morocco,1559.48,1755.1,1.5,0.2916666666666667,6,2.0,1.0,0.42857142857142855,0
Paraguay,France,1505.35,1870.7,1.3333333333333333,0.9,5,1.4,0.6,0.4444444444444444,0
Brazil,Norway,1765.86,1557.44,2.5,0.8,6,2.2,1.8,0.6,1
Mexico,England,1687.48,1828.02,1.45,0.2,5,2.6,0.6,0.55,2
Portugal,Spain,1767.85,1874.71,2.6,0.4,4,2.0,0.2,0.7,0
USA,Belgium,1671.23,1742.24,1.9375,0.6,5,2.2,0.8,0.5625,1
Argentina,Egypt,1877.27,1562.37,2.6666666666666665,0.75,4,2.8,1.2,0.8888888888888888,3
Switzerland,Colombia,1650.06,1698.35,2.2,1.0,5,2.0,0.2,0.5,0
France,Morocco,1870.7,1755.1,2.5,0.2916666666666667,5,2.8,0.8,0.8,2
Spain,Belgium,1874.71,1742.24,2.8,0.6,4,1.8,1.0,0.7,2
Norway,England,1557.44,1828.02,3.1,0.2,6,2.4,1.0,0.6,1
Argentina,Switzerland,1877.27,1650.06,2.6666666666666665,0.8,4,2.8,0.6,0.8888888888888888,3
France,Spain,1870.7,1874.71,2.5,0.4,5,2.6,0.2,0.8,0
England,Argentina,1828.02,1877.27,2.4,0.2222222222222222,4,1.8,1.2,0.8,1
France,England,1870.7,1828.02,2.5,0.2,4,2.0,1.2,0.8,4
Spain,Argentina,1874.71,1877.27,2.8,0.2222222222222222,5,1.8,1.4,0.7,1
South Africa,Mexico,1428.38,1687.48,1.4615384615384615,0.7,5,0.8,0.4,0.46153846153846156,0
Czechia,Korea Republic,1505.74,1591.63,2.2,1.2,7,3.4,1.0,0.5,1
Bosnia-Herz,Canada,1387.22,1559.48,2.0,0.42857142857142855,6,0.8,0.6,0.3,1
Paraguay,USA,1505.35,1671.23,1.3333333333333333,1.4375,7,1.8,2.4,0.4444444444444444,1
Switzerland,Qatar,1650.06,1450.31,2.2,1.5454545454545454,7,1.8,1.2,0.5,1
Morocco,Brazil,1755.1,1765.86,2.0833333333333335,1.1,6,2.6,1.4,0.7916666666666666,1
Türkiye,Australia,1605.73,1579.34,2.5,1.0,7,2.0,1.2,0.8,0
Scotland,Haiti,1503.34,1293.1,2.1,1.0769230769230769,7,2.4,0.8,0.6,1
Curaçao,Germany,1294.77,1735.77,1.6153846153846154,0.8,8,1.2,1.0,0.3076923076923077,1
Japan,Netherlands,1661.58,1753.57,1.4444444444444444,0.8,14,1.6,0.8,0.6666666666666666,2
Ecuador,Côte d'Ivoire,1598.52,1540.87,1.2,0.5714285714285714,7,1.8,0.8,0.4,0
Tunisia,Sweden,1476.41,1509.79,1.7222222222222223,2.0,8,0.4,1.8,0.4444444444444444,1
Egypt,Belgium,1562.37,1742.24,1.2,0.6,9,1.2,0.6,0.45,1
Cabo Verde,Spain,1371.11,1874.71,1.6,0.4,9,1.4,0.8,0.4,0
Uruguay,Saudi Arabia,1673.07,1423.88,1.0,1.15,76,0.8,1.6,0.375,1
New Zealand,IR Iran,1275.58,1619.58,0.7,0.625,9,0.8,0.6,0.1,2
Senegal,France,1684.07,1870.7,2.411764705882353,0.9,7,1.4,1.2,0.7058823529411765,1
Norway,Iraq,1557.44,1446.28,3.1,0.7857142857142857,9,1.8,1.0,0.6,4
Algeria,Argentina,1571.03,1877.27,2.1578947368421053,0.2222222222222222,6,2.4,0.2,0.7368421052631579,0
Jordan,Austria,1387.74,1597.4,1.625,0.4444444444444444,9,1.4,0.4,0.375,1
Congo DR,Portugal,1474.43,1767.85,1.3571428571428572,0.9,8,0.8,0.6,0.5714285714285714,1
Croatia,England,1714.87,1828.02,1.9,0.2,10,1.6,0.4,0.7,2
Panama,Ghana,1539.16,1346.88,1.8235294117647058,1.4,11,2.0,2.2,0.47058823529411764,0
Colombia,Uzbekistan,1698.35,1458.73,2.5,1.0,10,2.0,1.4,0.7,3
South Africa,Czechia,1428.38,1505.74,1.4615384615384615,0.9,7,0.6,1.6,0.46153846153846156,1
Bosnia-Herz,Switzerland,1387.22,1650.06,2.0,0.8,6,0.8,1.4,0.3,1
Qatar,Canada,1450.31,1559.48,0.8181818181818182,0.42857142857142855,5,0.4,0.8,0.09090909090909091,0
Korea Republic,Mexico,1591.63,1687.48,1.5,0.7,7,1.6,0.4,0.6,0
Australia,USA,1579.34,1671.23,1.3,1.4375,6,1.8,2.4,0.5,0
Morocco,Scotland,1755.1,1503.34,2.0833333333333335,1.0,6,2.6,0.6,0.7916666666666666,1
Paraguay,Türkiye,1505.35,1605.73,1.3333333333333333,1.3,7,1.8,0.6,0.4444444444444444,1
Haiti,Brazil,1293.1,1765.86,1.3076923076923077,1.1,6,1.2,1.4,0.3076923076923077,0
Sweden,Netherlands,1509.79,1753.57,1.3,0.8,6,2.8,1.2,0.2,1
Côte d'Ivoire,Germany,1540.87,1735.77,2.142857142857143,0.8,6,2.0,1.2,0.7142857142857143,1
Curaçao,Ecuador,1294.77,1598.52,1.6153846153846154,0.5,6,1.4,0.8,0.3076923076923077,0
Japan,Tunisia,1661.58,1476.41,1.4444444444444444,1.0555555555555556,6,1.6,2.2,0.6666666666666666,4
Saudi Arabia,Spain,1423.88,1874.71,1.05,0.4,6,1.2,0.4,0.4,0
IR Iran,Belgium,1619.58,1742.24,1.75,0.6,6,2.6,0.8,0.5,0
Cabo Verde,Uruguay,1371.11,1673.07,1.6,0.875,6,1.2,1.4,0.4,2
Egypt,New Zealand,1562.37,1275.58,1.2,1.8,6,1.4,2.0,0.45,3
Austria,Argentina,1597.4,1877.27,2.5555555555555554,0.2222222222222222,6,2.2,0.2,0.7777777777777778,0
Iraq,France,1446.28,1870.7,1.0714285714285714,0.9,6,1.0,1.2,0.5714285714285714,0
Senegal,Norway,1684.07,1557.44,2.411764705882353,0.8,6,1.6,1.0,0.7058823529411765,2
Algeria,Jordan,1571.03,1387.74,2.1578947368421053,1.625,6,2.4,2.6,0.7368421052631579,2
Uzbekistan,Portugal,1458.73,1767.85,1.2222222222222223,0.9,6,1.0,0.6,0.3333333333333333,0
Ghana,England,1346.88,1828.02,1.1,0.2,6,0.8,0.8,0.3,0
Croatia,Panama,1714.87,1539.16,1.9,1.2352941176470589,6,1.4,2.2,0.7,1
Congo DR,Colombia,1474.43,1698.35,1.3571428571428572,1.0,6,1.0,1.4,0.5714285714285714,0
Canada,Switzerland,1559.48,1650.06,1.5,0.8,6,2.0,0.8,0.42857142857142855,1
Qatar,Bosnia-Herz,1450.31,1387.22,0.8181818181818182,1.0,6,0.2,1.4,0.09090909090909091,1
Brazil,Scotland,1765.86,1503.34,2.5,1.0,5,3.0,0.6,0.6,3
Haiti,Morocco,1293.1,1755.1,1.3076923076923077,0.2916666666666667,5,1.2,0.4,0.3076923076923077,2
Korea Republic,South Africa,1591.63,1428.38,1.5,0.8461538461538461,6,1.6,1.0,0.6,0
Mexico,Czechia,1687.48,1505.74,1.45,0.9,6,2.2,1.4,0.55,3
Côte d'Ivoire,Curaçao,1540.87,1294.77,2.142857142857143,1.3076923076923077,5,1.8,3.2,0.7142857142857143,2
Germany,Ecuador,1735.77,1598.52,2.8,0.5,5,3.4,0.6,0.9,1
Netherlands,Tunisia,1753.57,1476.41,2.2,1.0555555555555556,5,2.0,3.0,0.6,3
Sweden,Japan,1509.79,1661.58,1.3,0.6666666666666666,5,2.4,0.4,0.2,1
USA,Türkiye,1671.23,1605.73,1.9375,1.3,6,2.0,0.8,0.5625,2
Australia,Paraguay,1579.34,1505.35,1.3,1.0,6,1.6,1.2,0.5,0
France,Norway,1870.7,1557.44,2.5,0.8,4,2.6,1.0,0.8,4
Iraq,Senegal,1446.28,1684.07,1.0714285714285714,0.7647058823529411,4,0.6,2.0,0.5714285714285714,0
Spain,Uruguay,1874.71,1673.07,2.8,0.875,5,1.6,1.8,0.7,1
Saudi Arabia,Cabo Verde,1423.88,1371.11,1.05,1.2,5,1.0,1.2,0.4,0
IR Iran,Egypt,1619.58,1562.37,1.75,0.75,5,2.4,0.8,0.5,1
Belgium,New Zealand,1742.24,1275.58,3.7,1.8,5,1.8,2.2,0.7,5
Ghana,Croatia,1346.88,1714.87,1.1,1.0,4,0.6,2.0,0.3,1
England,Panama,1828.02,1539.16,2.4,1.2352941176470589,4,1.6,2.2,0.8,2
Uzbekistan,Congo DR,1458.73,1474.43,1.2222222222222223,0.6428571428571429,4,0.4,0.8,0.3333333333333333,1
Portugal,Colombia,1767.85,1698.35,2.6,1.0,4,2.4,1.0,0.7,0
Argentina,Jordan,1877.27,1387.74,2.6666666666666665,1.625,5,3.0,2.6,0.8888888888888888,3
Austria,Algeria,1597.4,1571.03,2.5555555555555554,0.42105263157894735,5,2.0,0.8,0.7777777777777778,3
Canada,South Africa,1559.48,1428.38,1.5,0.8461538461538461,4,2.2,0.6,0.42857142857142855,1
Japan,Brazil,1661.58,1765.86,1.4444444444444444,1.1,4,1.8,0.8,0.6666666666666666,1
Paraguay,Germany,1505.35,1735.77,1.3333333333333333,0.8,4,1.4,1.0,0.4444444444444444,1
Morocco,Netherlands,1755.1,1753.57,2.0833333333333335,0.8,5,2.2,1.2,0.7916666666666666,1
Norway,Côte d'Ivoire,1557.44,1540.87,3.1,0.5714285714285714,4,2.4,0.6,0.6,2
Sweden,France,1509.79,1870.7,1.3,0.9,5,2.0,1.0,0.2,0
Ecuador,Mexico,1598.52,1687.48,1.2,0.7,5,1.4,0.2,0.4,0
Congo DR,England,1474.43,1828.02,1.3571428571428572,0.2,4,1.0,0.4,0.5714285714285714,1
Senegal,Belgium,1684.07,1742.24,2.411764705882353,0.6,5,2.0,0.4,0.7058823529411765,2
Bosnia-Herz,USA,1387.22,1671.23,2.0,1.4375,7,1.2,1.6,0.3,0
Austria,Spain,1597.4,1874.71,2.5555555555555554,0.4,5,1.6,0.4,0.7777777777777778,0
Croatia,Portugal,1714.87,1767.85,1.9,0.9,5,1.4,0.6,0.7,1
Algeria,Switzerland,1571.03,1650.06,2.1578947368421053,0.8,5,2.0,1.0,0.7368421052631579,0
Egypt,Australia,1562.37,1579.34,1.2,1.0,7,1.4,0.8,0.45,1
Cabo Verde,Argentina,1371.11,1877.27,1.6,0.2222222222222222,7,1.0,0.2,0.4,2
Ghana,Colombia,1346.88,1698.35,1.1,1.0,6,0.6,0.4,0.3,0
Morocco,Canada,1755.1,1559.48,2.0833333333333335,0.42857142857142855,5,1.6,0.8,0.7916666666666666,3
France,Paraguay,1870.7,1505.35,2.5,1.0,4,3.2,1.0,0.8,1
Norway,Brazil,1557.44,1765.86,3.1,1.1,5,2.2,0.6,0.6,2
England,Mexico,1828.02,1687.48,2.4,0.7,4,2.2,0.2,0.8,3
Spain,Portugal,1874.71,1767.85,2.8,0.9,4,2.2,0.6,0.7,1
Belgium,USA,1742.24,1671.23,3.7,1.4375,5,2.8,1.2,0.7,4
Egypt,Argentina,1562.37,1877.27,1.2,0.2222222222222222,4,1.4,0.6,0.45,2
Colombia,Switzerland,1698.35,1650.06,2.5,0.8,4,1.4,0.8,0.7,0
Morocco,France,1755.1,1870.7,2.0833333333333335,0.9,5,2.0,0.4,0.7916666666666666,0
Belgium,Spain,1742.24,1874.71,3.7,0.4,4,2.6,0.0,0.7,1
England,Norway,1828.02,1557.44,2.4,0.8,6,2.2,1.8,0.8,2
Switzerland,Argentina,1650.06,1877.27,2.2,0.2222222222222222,4,1.8,1.0,0.5,1
Spain,France,1874.71,1870.7,2.8,0.9,4,2.2,0.2,0.7,2
Argentina,England,1877.27,1828.02,2.6666666666666665,0.2,4,2.8,0.8,0.8888888888888888,2
England,France,1828.02,1870.7,2.4,0.9,3,2.0,0.6,0.8,6
Argentina,Spain,1877.27,1874.71,2.6666666666666665,0.4,4,2.8,0.2,0.8888888888888888,0
