date,home_team,away_team
2026-06-11,Mexico,South African
2026-06-11,Korea Republic,Czechia
2026-06-12,Canada,Bosnia-Herz
2026-06-12,USA,Paraguay
2026-06-13,Qatar,Switzerland
2026-06-13,Brazil,Morocco
2026-06-13,Australia,Türkiye
2026-06-13,Haiti,Scotland
2026-06-14,Germany,Curaçao
2026-06-14,Netherlands,Japan
2026-06-14,Côte d'Ivoire,Ecuador
2026-06-14,Sweden,Tunisia
2026-06-15,Belgium,Egypt
2026-06-15,Spain,Cabo Verde
2026-06-15,Saudi Arabia,Uruguay
2026-06-15,IR Iran,New Zealand
2026-06-16,France,Senegal
2026-06-16,Iraq,Norway
2026-06-16,Argentina,Algeria
2026-06-16,Austria,Jordan
2026-06-17,Portugal,Congo DR
2026-06-17,England,Croatia
2026-06-17,Ghana,Panama
2026-06-17,Uzbekistan,Colombia
2026-06-18,Czechia,South Africa
2026-06-18,Switzerland,Bosnia-Herz
2026-06-18,Canada,Qatar
2026-06-18,Mexico,Korea Republic
2026-06-19,USA,Australia
2026-06-19,Scotland,Morocco
2026-06-19,Türkiye,Paraguay
2026-06-19,Brazil,Haiti
2026-06-20,Netherlands,Sweden
2026-06-20,Germany,Côte d'Ivoire
2026-06-20,Ecuador,Curaçao
2026-06-20,Tunisia,Japan
2026-06-21,Spain,Saudi Arabia
2026-06-21,Belgium,IR Iran
2026-06-21,Uruguay,Cabo Verde
2026-06-21,New Zealand,Egypt
2026-06-22,Argentina,Austria
2026-06-22,France,Iraq
2026-06-22,Norway,Senegal
2026-06-22,Jordan,Algeria
2026-06-23,Portugal,Uzbekistan
2026-06-23,England,Ghana
2026-06-23,Panama,Croatia
2026-06-23,Colombia,Congo DR
2026-06-24,Switzerland,Canada
2026-06-24,Bosnia-Herz,Qatar
2026-06-24,Scotland,Brazil
2026-06-24,Morocco,Haiti
2026-06-24,South Africa,Korea Republic
2026-06-24,Czechia,Mexico
2026-06-25,Curaçao,Côte d'Ivoire
2026-06-25,Ecuador,Germany
2026-06-25,Tunisia,Netherlands
2026-06-25,Japan,Sweden
2026-06-25,Türkiye,USA
2026-06-25,Paraguay,Australia
2026-06-26,Norway,France
2026-06-26,Senegal,Iraq
2026-06-26,Uruguay,Spain
2026-06-26,Cabo Verde,Saudi Arabia
2026-06-26,Egypt,IR Iran
2026-06-26,New Zealand,Belgium
2026-06-27,Croatia,Ghana
2026-06-27,Panama,England
2026-06-27,Congo DR,Uzbekistan
2026-06-27,Colombia,Portugal
2026-06-27,Jordan,Argentina
2026-06-27,Algeria,Austria
2026-06-28,South Africa,Canada
2026-06-29,Brazil,Japan
2026-06-29,Germany,Paraguay
2026-06-29,Netherlands,Morocco
2026-06-30,Côte d'Ivoire,Norway
2026-06-30,France,Sweden
2026-06-30,Mexico,Ecuador
2026-07-01,England,Congo DR
2026-07-01,Belgium,Senegal
2026-07-01,USA,Bosnia-Herz
2026-07-02,Spain,Austria
2026-07-02,Portugal,Croatia
2026-07-02,Switzerland,Algeria
2026-07-03,Australia,Egypt
2026-07-03,Argentina,Cabo Verde
2026-07-03,Colombia,Ghana
2026-07-04,Canada,Morocco
2026-07-04,Paraguay,France
2026-07-05,Brazil,Norway
2026-07-05,Mexico,England
2026-07-06,Portugal,Spain
2026-07-06,USA,Belgium
2026-07-07,Argentina,Egypt
2026-07-07,Switzerland,Colombia
2026-07-09,France,Morocco
2026-07-10,Spain,Belgium
2026-07-11,Norway,England
2026-07-11,Argentina,Switzerland
2026-07-14,France,Spain
2026-07-15,England,Argentina
2026-07-18,France,England
2026-07-19,Spain,Argentina