date,team,xg
2026-06-11,Mexico,1.84
2026-06-11,Korea Republic,1.45
2026-06-11,South Africa,0.52
2026-06-11,Czechia,1.12
2026-06-12,Paraguay,0.88
2026-06-12,Bosnia-Herz,0.98
2026-06-12,Canada,1.35
2026-06-12,USA,2.76
2026-06-13,Haiti,1.25
2026-06-13,Türkiye,0.72
2026-06-13,Brazil,1.62
2026-06-13,Qatar,0.78
2026-06-13,Morocco,1.1
2026-06-13,Switzerland,1.54
2026-06-13,Scotland,0.65
2026-06-13,Australia,1.48
2026-06-14,Japan,1.82
2026-06-14,Curaçao,0.44
2026-06-14,Germany,4.82
2026-06-14,Netherlands,1.95
2026-06-14,Côte d'Ivoire,1.1
2026-06-14,Sweden,3.12
2026-06-14,Tunisia,0.78
2026-06-14,Ecuador,0.95
2026-06-15,Belgium,1.58
2026-06-15,Cabo Verde,0.35
2026-06-15,Egypt,1.12
2026-06-15,Uruguay,1.76
2026-06-15,New Zealand,1.2
2026-06-15,Saudi Arabia,0.85
2026-06-15,IR Iran,1.88
2026-06-15,Spain,2.15
2026-06-16,Austria,1.98
2026-06-16,Senegal,1.05
2026-06-16,Norway,2.85
2026-06-16,Argentina,2.65
2026-06-16,Jordan,0.88
2026-06-16,Algeria,0.42
2026-06-16,France,2.44
2026-06-16,Iraq,0.68
2026-06-17,Croatia,1.64
2026-06-17,Uzbekistan,0.95
2026-06-17,Colombia,2.1
2026-06-17,Portugal,1.78
2026-06-17,England,2.92
2026-06-17,Ghana,1.3
2026-06-17,Congo DR,1.15
2026-06-17,Panama,0.75
2026-06-18,Bosnia-Herz,0.88
2026-06-18,South Africa,1.15
2026-06-18,Qatar,0.22
2026-06-18,Canada,3.82
2026-06-18,Czechia,1.35
2026-06-18,Mexico,1.62
2026-06-18,Korea Republic,0.58
2026-06-18,Switzerland,2.45
2026-06-19,Haiti,0.9
2026-06-19,Morocco,0.54
2026-06-19,Australia,0.32
2026-06-19,Paraguay,0.3
2026-06-19,Brazil,1.16
2026-06-19,Scotland,0.97
2026-06-19,USA,1.21
2026-06-19,Türkiye,0.4
2026-06-20,Germany,1.85
2026-06-20,Côte d'Ivoire,0.72
2026-06-20,Curaçao,0.08
2026-06-20,Sweden,0.88
2026-06-20,Japan,3.12
2026-06-20,Ecuador,1.92
2026-06-20,Netherlands,3.45
2026-06-20,Tunisia,0.35
2026-06-21,Cabo Verde,1.1
2026-06-21,Egypt,2.15
2026-06-21,Saudi Arabia,0.25
2026-06-21,Uruguay,1.65
2026-06-21,IR Iran,0.62
2026-06-21,New Zealand,0.55
2026-06-21,Spain,3.28
2026-06-21,Belgium,1.45
2026-06-22,Algeria,1.92
2026-06-22,France,2.21
2026-06-22,Norway,1.95
2026-06-22,Argentina,1.78
2026-06-22,Jordan,0.88
2026-06-22,Iraq,0.45
2026-06-22,Senegal,1.48
2026-06-22,Austria,0.55
2026-06-23,Panama,0.42
2026-06-23,England,1.12
2026-06-23,Colombia,1.62
2026-06-23,Uzbekistan,0.42
2026-06-23,Congo DR,0.58
2026-06-23,Ghana,0.89
2026-06-23,Croatia,1.48
2026-06-23,Portugal,3.54
2026-06-24,Mexico,1.27
2026-06-24,Korea Republic,1.39
2026-06-24,Canada,1.35
2026-06-24,Qatar,0.95
2026-06-24,Czechia,1.1
2026-06-24,South Africa,1.26
2026-06-24,Switzerland,0.71
2026-06-24,Bosnia-Herz,1.48
2026-06-25,Morocco,2.35
2026-06-25,Scotland,0.45
2026-06-25,Türkiye,1.62
2026-06-25,Australia,0.48
2026-06-25,Brazil,2.18
2026-06-25,Haiti,1.12
2026-06-25,USA,1.45
2026-06-25,Paraguay,0.55
2026-06-26,Ecuador,1.28
2026-06-26,Curaçao,0.32
2026-06-26,Norway,1.3
2026-06-26,Senegal,3.01
2026-06-26,Germany,1.55
2026-06-26,Iraq,0.14
2026-06-26,France,0.96
2026-06-26,Japan,1.12
2026-06-26,Sweden,0.95
2026-06-26,Netherlands,2.15
2026-06-26,Côte d'Ivoire,1.68
2026-06-26,Tunisia,0.62
2026-06-27,New Zealand,0.48
2026-06-27,Belgium,3.25
2026-06-27,IR Iran,0.92
2026-06-27,Spain,1.35
2026-06-27,Saudi Arabia,0.38
2026-06-27,Argentina,2.13
2026-06-27,Jordan,0.76
2026-06-27,Cabo Verde,0.42
2026-06-27,Uruguay,0.78
2026-06-27,Egypt,0.85
2026-06-27,Austria,1.44
2026-06-27,Algeria,1.62
2026-06-28,Portugal,0.73
2026-06-28,England,1.39
2026-06-28,Uzbekistan,0.2
2026-06-28,Croatia,0.42
2026-06-28,Panama,0.69
2026-06-28,Colombia,1.62
2026-06-28,Congo DR,2.35
2026-06-28,Ghana,0.74
2026-06-29,South Africa,0.13
2026-06-29,Brazil,1.69
2026-06-29,Canada,1.32
2026-06-29,Japan,0.23
2026-06-30,Germany,0.72
2026-06-30,Morocco,1.4
2026-06-30,Norway,2.02
2026-06-30,Paraguay,0.42
2026-06-30,Côte d'Ivoire,1.15
2026-06-30,Netherlands,0.23
2026-07-01,Congo DR,0.76
2026-07-01,Ecuador,0.73
2026-07-01,Sweden,0.67
2026-07-01,England,2.04
2026-07-01,Mexico,1.02
2026-07-01,France,3.17
2026-07-02,Bosnia-Herz,0.25
2026-07-02,Senegal,3.58
2026-07-02,USA,0.92
2026-07-02,Belgium,1.74
2026-07-03,Switzerland,2.52
2026-07-03,Portugal,2.18
2026-07-03,Algeria,0.73
2026-07-03,Croatia,1.34
2026-07-03,Austria,0.32
2026-07-03,Spain,2.84
2026-07-04,Ghana,0.26
2026-07-04,Egypt,1.36
2026-07-04,Cabo Verde,0.46
2026-07-04,Morocco,1.2
2026-07-04,Australia,0.87
2026-07-04,Argentina,2.16
2026-07-04,Colombia,2.19
2026-07-04,Paraguay,0.3
2026-07-04,France,1.8
2026-07-04,Canada,0.8
2026-07-05,Brazil,2.61
2026-07-05,Norway,1.05
2026-07-06,England,1.61
2026-07-06,Spain,1.42
2026-07-06,Portugal,0.85
2026-07-06,Mexico,1.88
2026-07-07,USA,1.05
2026-07-07,Switzerland,0.7
2026-07-07,Colombia,0.85
2026-07-07,Egypt,1.1
2026-07-07,Belgium,2.3
2026-07-07,Argentina,2.15
2026-07-09,Morocco,0.45
2026-07-09,France,1.8
2026-07-10,Belgium,1.15
2026-07-10,Spain,1.9
2026-07-11,Norway,0.77
2026-07-11,England,0.96
2026-07-12,Switzerland,0.53
2026-07-12,Argentina,2.0
2026-07-14,Spain,1.63
2026-07-14,France,0.3
2026-07-15,Argentina,1.8
2026-07-15,England,0.54
2026-07-18,England,2.88
2026-07-18,France,2.88
2026-07-19,Spain,1.42
2026-07-19,Argentina,0.88
