Home,Away,FIFA_Points_Difference,Matches_Played_Difference,Win_Rate_Difference,Draw_Rate_Difference,Avg_Scored_Difference,Avg_Conceded_Difference,Goal_Difference
Mexico,South Africa,259.1000,-4,0.0000,-0.0375,-0.2375,0.2125,2
South Korea,Czechia,85.8900,3,0.0154,0.0308,-0.3077,-0.1308,1
Canada,Bosnia and Herzegovina,172.2600,4,-0.1000,0.1571,-0.6286,-0.4286,0
United States,Paraguay,165.8800,8,0.1556,-0.1889,0.7333,0.2222,3
Qatar,Switzerland,-199.7500,1,-0.4273,-0.0273,-1.4182,1.1273,0
Brazil,Morocco,10.7600,-16,-0.3462,0.0846,-0.2615,0.5769,0
Australia,Türkiye,-26.3900,0,0.0000,-0.1000,-0.9000,-0.6000,2
Haiti,Scotland,-210.2400,2,-0.1833,0.1500,-0.2333,-0.0500,-1
Germany,Curaçao,441.0000,-1,0.1455,-0.3545,0.0182,0.4636,6
Netherlands,Japan,91.9900,-3,-0.0154,0.1692,1.1231,0.2846,0
Côte d'Ivoire,Ecuador,-57.6500,3,0.3154,-0.4692,0.8385,0.0846,1
Sweden,Tunisia,33.3800,-5,-0.3000,0.0000,-0.5667,0.8333,4
Belgium,Egypt,179.8700,-6,0.1625,-0.0750,2.2375,0.1875,0
Spain,Cabo Verde,503.6000,0,0.0000,0.0000,1.6000,0.7000,0
Saudi Arabia,Uruguay,-249.1900,9,0.0737,-0.0895,0.1526,-0.0053,0
Iran,New Zealand,344.0000,1,0.1545,0.2636,0.1364,-0.4727,0
France,Senegal,186.6300,-9,0.1211,-0.2684,0.2947,0.5737,2
Iraq,Norway,-111.1600,4,-0.4000,0.1143,-2.8286,0.3286,-3
Argentina,Algeria,306.2400,-15,0.1528,-0.2222,0.0278,-0.2917,3
Austria,Jordan,209.6600,-6,0.1000,0.0125,0.6750,-0.3000,2
Portugal,Democratic Republic of the Congo,293.4200,-7,-0.1059,0.0824,1.3706,0.7118,0
England,Croatia,113.1500,0,0.1000,-0.1000,-0.2000,-0.3000,2
Ghana,Panama,-192.2800,-4,0.0286,-0.1857,0.4571,-0.4000,1
Uzbekistan,Colombia,-239.6200,1,0.0455,-0.0364,-0.5636,-0.3545,-2
Czechia,South Africa,77.3600,-10,0.1000,-0.1500,0.4500,0.0500,0
Switzerland,Bosnia and Herzegovina,262.8400,0,0.1000,0.1000,0.4000,-0.4000,3
Canada,Qatar,109.1700,3,0.2273,0.0844,0.3896,-1.1558,6
Mexico,South Korea,95.8500,3,-0.1154,0.0817,-0.3798,0.2933,1
United States,Australia,91.8900,8,-0.1444,0.1111,0.2333,0.3222,2
Scotland,Morocco,-251.7600,-16,-0.2462,-0.0154,-0.0615,0.8769,-1
Türkiye,Paraguay,100.3800,0,0.3000,-0.2000,1.4000,0.5000,-1
Brazil,Haiti,472.7600,-2,0.0833,-0.0500,0.0333,-0.2500,3
Netherlands,Sweden,243.7800,0,0.3000,0.2000,1.7000,-0.8000,4
Germany,Côte d'Ivoire,194.9000,-3,-0.0154,-0.1308,0.6615,0.7154,1
Ecuador,Curaçao,303.7500,-1,-0.1545,0.2455,-1.4818,-0.3364,0
Tunisia,Japan,-185.1700,2,-0.0154,-0.0308,-0.0103,0.2513,-4
Spain,Saudi Arabia,450.8300,-9,0.1263,0.1895,2.2474,0.4053,4
Belgium,Iran,122.6600,-1,0.1455,-0.0636,1.6636,0.2727,0
Uruguay,Cabo Verde,301.9600,0,-0.2000,-0.1000,-0.8000,0.3000,0
New Zealand,Egypt,-286.7900,-6,-0.1375,-0.2750,0.4375,0.3875,-2
Argentina,Austria,279.8700,-1,0.1778,-0.0889,-0.1889,-0.3667,2
France,Iraq,424.4200,-4,0.2000,-0.1143,1.3286,0.1714,3
Norway,Senegal,-126.6300,-9,0.3211,-0.2684,1.7947,0.0737,1
Jordan,Algeria,-183.2900,-8,-0.1250,-0.1458,-0.4583,0.3750,-1
Portugal,Uzbekistan,309.1200,-1,0.0545,-0.1636,1.2636,0.7545,5
England,Ghana,481.1400,0,0.3000,-0.1000,0.5000,-0.3000,0
Panama,Croatia,-175.7100,4,-0.2286,0.1857,-1.1571,0.4000,-1
Colombia,Democratic Republic of the Congo,223.9200,-7,-0.2059,0.2824,0.6706,0.3118,1
Switzerland,Canada,90.5800,-4,0.2000,-0.0571,1.0286,0.0286,1
Bosnia and Herzegovina,Qatar,-63.0900,-1,0.3273,-0.0727,1.0182,-0.7273,2
Scotland,Brazil,-262.5200,0,0.1000,-0.1000,0.2000,0.3000,-3
Morocco,Haiti,462.0000,14,0.4295,-0.1346,0.2949,-0.8269,2
South Africa,South Korea,-163.2500,7,-0.1154,0.1192,-0.1423,0.0808,1
Czechia,Mexico,-181.7400,-6,0.1000,-0.1125,0.6875,-0.1625,-3
Curaçao,Côte d'Ivoire,-246.1000,-2,-0.1608,0.2238,0.6434,0.2517,-2
Ecuador,Germany,-137.2500,0,-0.3000,0.6000,-1.5000,-0.8000,1
Tunisia,Netherlands,-277.1600,5,0.0000,-0.2000,-1.1333,-0.0333,-2
Japan,Sweden,151.7900,3,0.3154,0.0308,0.5769,-1.0846,0
Türkiye,United States,-65.5000,-8,0.1444,-0.0111,0.6667,0.2778,1
Paraguay,Australia,-73.9900,0,-0.3000,0.3000,-0.5000,0.1000,0
Norway,France,-313.2600,0,0.2000,0.0000,1.5000,-0.5000,-3
Senegal,Iraq,237.7900,5,0.0789,0.1541,1.0338,-0.4023,5
Uruguay,Spain,-201.6400,0,-0.2000,-0.1000,-2.4000,-0.4000,-1
Cabo Verde,Saudi Arabia,-52.7700,-9,0.1263,0.1895,0.6474,-0.2947,0
Egypt,Iran,-57.2100,5,-0.0170,0.0114,-0.5739,0.0852,0
New Zealand,Belgium,-466.6600,0,-0.3000,-0.2000,-1.8000,0.2000,-4
Croatia,Ghana,367.9900,0,0.2000,0.0000,0.7000,0.0000,1
Panama,England,-288.8600,4,-0.3286,0.2857,-0.9571,0.7000,-2
Democratic Republic of the Congo,Uzbekistan,15.7000,6,0.1604,-0.2460,-0.1070,0.0428,2
Colombia,Portugal,-69.5000,0,-0.1000,0.2000,-0.7000,-0.4000,0
Jordan,Argentina,-489.5300,7,-0.2778,0.0764,-0.4861,0.6667,-2
Algeria,Austria,-26.3700,14,0.0250,0.1333,-0.2167,-0.0750,0
South Africa,Canada,-131.1000,6,0.0000,-0.0071,-0.0214,0.2786,-1
Brazil,Japan,104.2800,-3,-0.1154,-0.0308,-0.3769,0.3846,1
Germany,Paraguay,230.4200,0,0.2000,-0.2000,1.1000,0.1000,0
Netherlands,Morocco,-1.5300,-16,-0.2462,0.2846,1.2385,0.4769,0
Côte d'Ivoire,Norway,-16.5700,3,-0.2846,0.1308,-2.3615,-0.2154,-1
France,Sweden,360.9100,0,0.4000,-0.1000,0.9000,-0.6000,3
Mexico,Ecuador,88.9600,6,0.2000,-0.3875,0.6125,0.7625,2
England,Democratic Republic of the Congo,353.5900,-7,0.1941,-0.1176,1.0706,-0.2882,1
Belgium,Senegal,58.1700,-9,0.0211,-0.0684,1.1947,0.4737,1
United States,Bosnia and Herzegovina,284.0100,8,-0.0444,-0.0889,-0.3667,0.2222,2
Spain,Austria,277.3100,0,0.0000,0.2000,1.0000,0.6000,3
Portugal,Croatia,52.9800,0,-0.2000,0.1000,0.1000,0.7000,1
Switzerland,Algeria,79.0300,-14,0.0750,-0.0333,0.5167,-0.0250,2
Australia,Egypt,16.9700,-6,0.2625,-0.3750,0.5375,0.0875,0
Argentina,Cabo Verde,506.1600,-1,0.1778,-0.2889,0.4111,-0.2667,1
Colombia,Ghana,351.4700,0,-0.1000,0.3000,0.1000,0.3000,1
Canada,Morocco,-195.6200,-12,-0.3462,0.2418,-0.3901,0.1484,-3
Paraguay,France,-365.3500,0,-0.3000,0.2000,-1.3000,-0.1000,-1
Brazil,Norway,208.4200,0,-0.4000,0.1000,-2.2000,0.4000,-1
Mexico,England,-140.5400,6,-0.4000,0.3125,-1.2875,0.7625,-1
Portugal,Spain,-106.8600,0,0.0000,-0.2000,-0.4000,0.0000,-1
United States,Belgium,-71.0100,8,-0.0444,-0.1889,-1.4667,0.2222,-3
Argentina,Egypt,314.9000,-7,0.3403,-0.2639,1.0486,-0.4792,1
Switzerland,Colombia,-48.2900,0,0.2000,-0.1000,0.4000,-0.3000,0
France,Morocco,115.6000,-16,-0.1462,-0.0154,0.4385,0.6769,2
Spain,Belgium,132.4700,0,0.0000,0.1000,0.0000,0.3000,1
Norway,England,-270.5800,0,0.0000,0.1000,1.3000,0.3000,-1
Argentina,Switzerland,227.2100,-1,0.0778,-0.1889,-0.4889,-0.2667,2
France,Spain,-4.0100,0,0.1000,-0.3000,-0.9000,-0.2000,-2
England,Argentina,-49.2500,1,0.1222,-0.1111,0.4889,-0.0333,-1
France,England,42.6800,0,-0.2000,0.1000,-0.2000,0.8000,-2
Spain,Argentina,-2.5600,1,-0.1778,0.2889,1.1889,0.9667,1
