Team,Total matches,Wins,Draws,Defeats,Goals scored,Goals conceded,Win_Rate,Draw_Rate,Avg_Scored,Avg_Conceded
Algeria,24,15,8,1,50,15,0.625,0.3333333333333333,2.0833333333333335,0.625
Argentina,9,7,1,1,19,3,0.7777777777777778,0.1111111111111111,2.111111111111111,0.3333333333333333
Australia,10,7,0,3,16,9,0.7,0.0,1.6,0.9
Austria,10,6,2,2,23,7,0.6,0.2,2.3,0.7
Belgium,10,6,3,1,33,10,0.6,0.3,3.3,1.0
Bosnia and Herzegovina,10,6,2,2,22,10,0.6,0.2,2.2,1.0
Brazil,10,5,2,3,17,10,0.5,0.2,1.7,1.0
Cabo Verde,10,6,4,0,17,6,0.6,0.4,1.7,0.6
Canada,14,7,5,2,22,8,0.5,0.35714285714285715,1.5714285714285714,0.5714285714285714
Colombia,10,5,4,1,22,9,0.5,0.4,2.2,0.9
Croatia,10,8,1,1,28,6,0.8,0.1,2.8,0.6
Curaçao,11,5,5,1,24,7,0.45454545454545453,0.45454545454545453,2.1818181818181817,0.6363636363636364
Czechia,10,6,2,2,20,9,0.6,0.2,2.0,0.9
Côte d'Ivoire,13,8,3,2,20,5,0.6153846153846154,0.23076923076923078,1.5384615384615385,0.38461538461538464
Democratic Republic of the Congo,17,12,2,3,26,10,0.7058823529411765,0.11764705882352941,1.5294117647058822,0.5882352941176471
Ecuador,10,3,7,0,7,3,0.3,0.7,0.7,0.3
Egypt,16,7,6,3,17,13,0.4375,0.375,1.0625,0.8125
England,10,9,0,1,26,3,0.9,0.0,2.6,0.3
France,10,7,1,2,24,11,0.7,0.1,2.4,1.1
Germany,10,6,1,3,22,11,0.6,0.1,2.2,1.1
Ghana,10,6,1,3,21,6,0.6,0.1,2.1,0.6
Haiti,12,5,3,4,20,15,0.4166666666666667,0.25,1.6666666666666667,1.25
Iran,11,5,4,2,18,8,0.45454545454545453,0.36363636363636365,1.6363636363636365,0.7272727272727273
Iraq,14,7,3,4,15,13,0.5,0.21428571428571427,1.0714285714285714,0.9285714285714286
Japan,13,8,3,2,27,8,0.6153846153846154,0.23076923076923078,2.076923076923077,0.6153846153846154
Jordan,16,8,3,5,26,16,0.5,0.1875,1.625,1.0
Mexico,16,8,5,3,21,17,0.5,0.3125,1.3125,1.0625
Morocco,26,22,3,1,51,11,0.8461538461538461,0.11538461538461539,1.9615384615384615,0.4230769230769231
Netherlands,10,6,4,0,32,9,0.6,0.4,3.2,0.9
New Zealand,10,3,1,6,15,12,0.3,0.1,1.5,1.2
Norway,10,9,1,0,39,6,0.9,0.1,3.9,0.6
Panama,14,8,4,2,23,14,0.5714285714285714,0.2857142857142857,1.6428571428571428,1.0
Paraguay,10,4,3,3,11,10,0.4,0.3,1.1,1.0
Portugal,10,6,2,2,29,13,0.6,0.2,2.9,1.3
Qatar,11,3,3,5,13,19,0.2727272727272727,0.2727272727272727,1.1818181818181819,1.7272727272727273
Saudi Arabia,19,9,4,6,20,17,0.47368421052631576,0.21052631578947367,1.0526315789473684,0.8947368421052632
Scotland,10,6,1,3,19,13,0.6,0.1,1.9,1.3
Senegal,19,11,7,1,40,10,0.5789473684210527,0.3684210526315789,2.1052631578947367,0.5263157894736842
South Africa,20,10,7,3,31,17,0.5,0.35,1.55,0.85
South Korea,13,8,3,2,22,10,0.6153846153846154,0.23076923076923078,1.6923076923076923,0.7692307692307693
Spain,10,6,4,0,33,13,0.6,0.4,3.3,1.3
Sweden,10,3,2,5,15,17,0.3,0.2,1.5,1.7
Switzerland,10,7,3,0,26,6,0.7,0.3,2.6,0.6
Tunisia,15,9,3,3,31,13,0.6,0.2,2.066666666666667,0.8666666666666667
Türkiye,10,7,1,2,25,15,0.7,0.1,2.5,1.5
United States,18,10,2,6,33,22,0.5555555555555556,0.1111111111111111,1.8333333333333333,1.2222222222222223
Uruguay,10,4,3,3,9,9,0.4,0.3,0.9,0.9
Uzbekistan,11,6,4,1,18,6,0.5454545454545454,0.36363636363636365,1.6363636363636365,0.5454545454545454
