Home,Away,Matches_Played_Difference,Win_Rate_Difference,Draw_Rate_Difference,Avg_Scored_Difference,Avg_Conceded_Difference,Top_5_League_Players_Difference,Last 5 Avg Scored,Last 5 Opp Avg Conceded,Goal_Difference
Mexico,South Africa,-4,0,-0.0375,-0.2375,0.2125,5,1.8,1,2
South Korea,Czechia,3,0.0154,0.0308,-0.3077,-0.1308,-2,1.4,1.2,1
Canada,Bosnia and Herzegovina,4,-0.1,0.1571,-0.6286,-0.4286,3,1.4,0.8,0
United States,Paraguay,8,0.1556,-0.1889,0.7333,0.2222,9,2.2,1,3
Qatar,Switzerland,1,-0.4273,-0.0273,-1.4182,1.1273,-23,0.2,1.4,0
Brazil,Morocco,-16,-0.3462,0.0846,-0.2615,0.5769,-2,2.6,0.6,0
Australia,Türkiye,0,0,-0.1,-0.9,-0.6,-4,1.4,0.6,2
Haiti,Scotland,2,-0.1833,0.15,-0.2333,-0.05,-8,1.6,1,-1
Germany,Curaçao,-1,0.1455,-0.3545,0.0182,0.4636,26,3.6,2.2,6
Netherlands,Japan,-3,-0.0154,0.1692,1.1231,0.2846,10,1.8,0,0
Côte d'Ivoire,Ecuador,3,0.3154,-0.4692,0.8385,0.0846,7,2.4,0.6,1
Sweden,Tunisia,-5,-0.3,0,-0.5667,0.8333,8,2,1.4,4
Belgium,Egypt,-6,0.1625,-0.075,2.2375,0.1875,16,4,0.4,0
Spain,Cabo Verde,0,0,0,1.6,0.7,25,1.8,1.8,0
Saudi Arabia,Uruguay,9,0.0737,-0.0895,0.1526,-0.0053,-7,1,1.4,0
Iran,New Zealand,1,0.1545,0.2636,0.1364,-0.4727,-1,2.2,2,0
France,Senegal,-9,0.1211,-0.2684,0.2947,0.5737,4,2.4,1.4,2
Iraq,Norway,4,-0.4,0.1143,-2.8286,0.3286,-17,0.8,1,-3
Argentina,Algeria,-15,0.1528,-0.2222,0.0278,-0.2917,10,2.8,0.4,3
Austria,Jordan,-6,0.1,0.0125,0.675,-0.3,16,2,2.6,2
Portugal,Democratic Republic of the Congo,-7,-0.1059,0.0824,1.3706,0.7118,7,3,0.6,0
England,Croatia,0,0.1,-0.1,-0.2,-0.3,9,1.4,1.8,2
Ghana,Panama,-4,0.0286,-0.1857,0.4571,-0.4,12,0.6,2.2,1
Uzbekistan,Colombia,1,0.0455,-0.0364,-0.5636,-0.3545,-7,1.2,1.2,-2
Czechia,South Africa,-10,0.1,-0.15,0.45,0.05,6,2.4,1,0
Switzerland,Bosnia and Herzegovina,0,0.1,0.1,0.4,-0.4,17,1.8,0.8,3
Canada,Qatar,3,0.2273,0.0844,0.3896,-1.1558,9,1.2,1.2,6
Mexico,South Korea,3,-0.1154,0.0817,-0.3798,0.2933,1,2.2,1.2,1
United States,Australia,8,-0.1444,0.1111,0.2333,0.3222,8,2,0.6,2
Scotland,Morocco,-16,-0.2462,-0.0154,-0.0615,0.8769,-5,1.8,0.6,-1
Türkiye,Paraguay,0,0.3,-0.2,1.4,0.5,5,1.6,1.4,-1
Brazil,Haiti,-2,0.0833,-0.05,0.0333,-0.25,11,2.6,1,3
Netherlands,Sweden,0,0.3,0.2,1.7,-0.8,8,1.4,1.8,4
Germany,Côte d'Ivoire,-3,-0.0154,-0.1308,0.6615,0.7154,13,3.8,0.8,1
Ecuador,Curaçao,-1,-0.1545,0.2455,-1.4818,-0.3364,6,1.4,3.6,0
Tunisia,Japan,2,-0.0154,-0.0308,-0.0103,0.2513,-6,0.4,0.4,-4
Spain,Saudi Arabia,-9,0.1263,0.1895,2.2474,0.4053,25,1.4,1,4
Belgium,Iran,-1,0.1455,-0.0636,1.6636,0.2727,20,2.8,1,0
Uruguay,Cabo Verde,0,-0.2,-0.1,-0.8,0.3,7,0.6,1.6,0
New Zealand,Egypt,-6,-0.1375,-0.275,0.4375,0.3875,-3,1.2,0.6,-2
Argentina,Austria,-1,0.1778,-0.0889,-0.1889,-0.3667,4,3,0.6,2
France,Iraq,-4,0.2,-0.1143,1.3286,0.1714,24,2.4,1.6,3
Norway,Senegal,-9,0.3211,-0.2684,1.7947,0.0737,-3,1.8,1.4,1
Jordan,Algeria,-8,-0.125,-0.1458,-0.4583,0.375,-10,1.2,0.6,-1
Portugal,Uzbekistan,-1,0.0545,-0.1636,1.2636,0.7545,16,1.4,1.6,5
England,Ghana,0,0.3,-0.1,0.5,-0.3,14,1.8,2,0
Panama,Croatia,4,-0.2286,0.1857,-1.1571,0.4,-17,1.8,2.2,-1
Colombia,Democratic Republic of the Congo,-7,-0.2059,0.2824,0.6706,0.3118,-2,2,0.6,1
Switzerland,Canada,-4,0.2,-0.0571,1.0286,0.0286,14,2,0.4,1
Bosnia and Herzegovina,Qatar,-1,0.3273,-0.0727,1.0182,-0.7273,6,0.8,2.2,2
Scotland,Brazil,0,0.1,-0.1,0.2,0.3,-3,1.8,1,-3
Morocco,Haiti,14,0.4295,-0.1346,0.2949,-0.8269,13,2.4,1.4,2
South Africa,South Korea,7,-0.1154,0.1192,-0.1423,0.0808,-4,0.6,0.6,1
Czechia,Mexico,-6,0.1,-0.1125,0.6875,-0.1625,1,2.2,0.2,-3
Curaçao,Côte d'Ivoire,-2,-0.1608,0.2238,0.6434,0.2517,-13,1.4,0.6,-2
Ecuador,Germany,0,-0.3,0.6,-1.5,-0.8,-20,1.2,0.8,1
Tunisia,Netherlands,5,0,-0.2,-1.1333,-0.0333,-16,0.2,1.2,-2
Japan,Sweden,3,0.3154,0.0308,0.5769,-1.0846,-2,1.8,2.6,0
Türkiye,United States,-8,0.1444,-0.0111,0.6667,0.2778,-4,1.4,1.4,1
Paraguay,Australia,0,-0.3,0.3,-0.5,0.1,-1,1.6,1,0
Norway,France,0,0.2,0,1.5,-0.5,-7,2.2,1,-3
Senegal,Iraq,5,0.0789,0.1541,1.0338,-0.4023,20,1.6,2,5
Uruguay,Spain,0,-0.2,-0.1,-2.4,-0.4,-18,1,0.4,-1
Cabo Verde,Saudi Arabia,-9,0.1263,0.1895,0.6474,-0.2947,0,1.2,1.4,0
Egypt,Iran,5,-0.017,0.0114,-0.5739,0.0852,4,1.2,0.6,0
New Zealand,Belgium,0,-0.3,-0.2,-1.8,0.2,-19,1.4,0.4,-4
Croatia,Ghana,0,0.2,0,0.7,0,5,1.2,1,1
Panama,England,4,-0.3286,0.2857,-0.9571,0.7,-26,1.4,0.6,-2
Democratic Republic of the Congo,Uzbekistan,6,0.1604,-0.246,-0.107,0.0428,9,0.6,2.4,2
Colombia,Portugal,0,-0.1,0.2,-0.7,-0.4,-9,2,0.6,0
Jordan,Argentina,7,-0.2778,0.0764,-0.4861,0.6667,-20,1,0,-2
Algeria,Austria,14,0.025,0.1333,-0.2167,-0.075,-6,1.4,0.8,0
South Africa,Canada,6,0,-0.0071,-0.0214,0.2786,-8,0.6,0.8,-1
Brazil,Japan,-3,-0.1154,-0.0308,-0.3769,0.3846,2,3,0.6,1
Germany,Paraguay,0,0.2,-0.2,1.1,0.1,22,3.2,1.2,0
Netherlands,Morocco,-16,-0.2462,0.2846,1.2385,0.4769,6,2.4,0.8,0
Côte d'Ivoire,Norway,3,-0.2846,0.1308,-2.3615,-0.2154,-4,1.4,1.8,-1
France,Sweden,0,0.4,-0.1,0.9,-0.6,9,2.8,2.4,3
Mexico,Ecuador,6,0.2,-0.3875,0.6125,0.7625,0,2.4,0.6,2
England,Democratic Republic of the Congo,-7,0.1941,-0.1176,1.0706,-0.2882,16,2,1,1
Belgium,Senegal,-9,0.0211,-0.0684,1.1947,0.4737,0,2.6,1.8,1
United States,Bosnia and Herzegovina,8,-0.0444,-0.0889,-0.3667,0.2222,7,2.4,1.4,2
Spain,Austria,0,0,0.2,1,0.6,9,1.8,1.2,3
Portugal,Croatia,0,-0.2,0.1,0.1,0.7,0,2,1.6,1
Switzerland,Algeria,-14,0.075,-0.0333,0.5167,-0.025,12,2.4,1.4,2
Australia,Egypt,-6,0.2625,-0.375,0.5375,0.0875,1,0.6,1,0
Argentina,Cabo Verde,-1,0.1778,-0.2889,0.4111,-0.2667,20,2.6,1,1
Colombia,Ghana,0,-0.1,0.3,0.1,0.3,-4,1.8,1,1
Canada,Morocco,-12,-0.3462,0.2418,-0.3901,0.1484,-8,2,1,-3
Paraguay,France,0,-0.3,0.2,-1.3,-0.1,-20,1.4,0.6,-1
Brazil,Norway,0,-0.4,0.1,-2.2,0.4,-2,2.2,1.8,-1
Mexico,England,6,-0.4,0.3125,-1.2875,0.7625,-20,2.6,0.6,-1
Portugal,Spain,0,0,-0.2,-0.4,0,-9,2,0.2,-1
United States,Belgium,8,-0.0444,-0.1889,-1.4667,0.2222,-7,2.2,0.8,-3
Argentina,Egypt,-7,0.3403,-0.2639,1.0486,-0.4792,17,2.8,1.2,1
Switzerland,Colombia,0,0.2,-0.1,0.4,-0.3,15,2,0.2,0
France,Morocco,-16,-0.1462,-0.0154,0.4385,0.6769,7,2.8,0.8,2
Spain,Belgium,0,0,0.1,0,0.3,6,1.8,1,1
Norway,England,0,0,0.1,1.3,0.3,-9,2.4,1,-1
Argentina,Switzerland,-1,0.0778,-0.1889,-0.4889,-0.2667,-2,2.8,0.6,2
France,Spain,0,0.1,-0.3,-0.9,-0.2,-2,2.6,0.2,-2
England,Argentina,1,0.1222,-0.1111,0.4889,-0.0333,5,1.8,1.2,-1
France,England,0,-0.2,0.1,-0.2,0.8,-2,2,1.2,-2
Spain,Argentina,1,-0.1778,0.2889,1.1889,0.9667,5,1.8,1.4,1