Team,Opponent,FIFA points,Opp FIFA points,fifa_point_difference
Mexico,South Africa,1687.48,1428.38,259.1
Korea Republic,Czechia,1591.63,1505.74,85.89
Canada,Bosnia-Herz,1559.48,1387.22,172.26
USA,Paraguay,1671.23,1505.35,165.88
Qatar,Switzerland,1450.31,1650.06,-199.75
Brazil,Morocco,1765.86,1755.1,10.76
Australia,T√ºrkiye,1579.34,1605.73,-26.39
Haiti,Scotland,1293.1,1503.34,-210.24
Germany,Cura√ßao,1735.77,1294.77,441
Netherlands,Japan,1753.57,1661.58,91.99
C√¥te d'Ivoire,Ecuador,1540.87,1598.52,-57.65
Sweden,Tunisia,1509.79,1476.41,33.38
Belgium,Egypt,1742.24,1562.37,179.87
Spain,Cabo Verde,1874.71,1371.11,503.6
Saudi Arabia,Uruguay,1423.88,1673.07,-249.19
IR Iran,New Zealand,1619.58,1275.58,344
France,Senegal,1870.7,1684.07,186.63
Iraq,Norway,1446.28,1557.44,-111.16
Argentina,Algeria,1877.27,1571.03,306.24
Austria,Jordan,1597.4,1387.74,209.66
Portugal,Congo DR,1767.85,1474.43,293.42
England,Croatia,1828.02,1714.87,113.15
Ghana,Panama,1346.88,1539.16,-192.28
Uzbekistan,Colombia,1458.73,1698.35,-239.62
Czechia,South Africa,1505.74,1428.38,77.36
Switzerland,Bosnia-Herz,1650.06,1387.22,262.84
Canada,Qatar,1559.48,1450.31,109.17
Mexico,Korea Republic,1687.48,1591.63,95.85
USA,Australia,1671.23,1579.34,91.89
Scotland,Morocco,1503.34,1755.1,-251.76
T√ºrkiye,Paraguay,1605.73,1505.35,100.38
Brazil,Haiti,1765.86,1293.1,472.76
Netherlands,Sweden,1753.57,1509.79,243.78
Germany,C√¥te d'Ivoire,1735.77,1540.87,194.9
Ecuador,Cura√ßao,1598.52,1294.77,303.75
Tunisia,Japan,1476.41,1661.58,-185.17
Spain,Saudi Arabia,1874.71,1423.88,450.83
Belgium,IR Iran,1742.24,1619.58,122.66
Uruguay,Cabo Verde,1673.07,1371.11,301.96
New Zealand,Egypt,1275.58,1562.37,-286.79
Argentina,Austria,1877.27,1597.4,279.87
France,Iraq,1870.7,1446.28,424.42
Norway,Senegal,1557.44,1684.07,-126.63
Jordan,Algeria,1387.74,1571.03,-183.29
Portugal,Uzbekistan,1767.85,1458.73,309.12
England,Ghana,1828.02,1346.88,481.14
Panama,Croatia,1539.16,1714.87,-175.71
Colombia,Congo DR,1698.35,1474.43,223.92
Switzerland,Canada,1650.06,1559.48,90.58
Bosnia-Herz,Qatar,1387.22,1450.31,-63.09
Scotland,Brazil,1503.34,1765.86,-262.52
Morocco,Haiti,1755.1,1293.1,462
South Africa,Korea Republic,1428.38,1591.63,-163.25
Czechia,Mexico,1505.74,1687.48,-181.74
Cura√ßao,C√¥te d'Ivoire,1294.77,1540.87,-246.1
Ecuador,Germany,1598.52,1735.77,-137.25
Tunisia,Netherlands,1476.41,1753.57,-277.16
Japan,Sweden,1661.58,1509.79,151.79
T√ºrkiye,USA,1605.73,1671.23,-65.5
Paraguay,Australia,1505.35,1579.34,-73.99
Norway,France,1557.44,1870.7,-313.26
Senegal,Iraq,1684.07,1446.28,237.79
Uruguay,Spain,1673.07,1874.71,-201.64
Cabo Verde,Saudi Arabia,1371.11,1423.88,-52.77
Egypt,IR Iran,1562.37,1619.58,-57.21
New Zealand,Belgium,1275.58,1742.24,-466.66
Croatia,Ghana,1714.87,1346.88,367.99
Panama,England,1539.16,1828.02,-288.86
Congo DR,Uzbekistan,1474.43,1458.73,15.7
Colombia,Portugal,1698.35,1767.85,-69.5
Jordan,Argentina,1387.74,1877.27,-489.53
Algeria,Austria,1571.03,1597.4,-26.37
South Africa,Canada,1428.38,1559.48,-131.1
Brazil,Japan,1765.86,1661.58,104.28
Germany,Paraguay,1735.77,1505.35,230.42
Netherlands,Morocco,1753.57,1755.1,-1.53
C√¥te d'Ivoire,Norway,1540.87,1557.44,-16.57
France,Sweden,1870.7,1509.79,360.91
Mexico,Ecuador,1687.48,1598.52,88.96
England,Congo DR,1828.02,1474.43,353.59
Belgium,Senegal,1742.24,1684.07,58.17
USA,Bosnia-Herz,1671.23,1387.22,284.01
Spain,Austria,1874.71,1597.4,277.31
Portugal,Croatia,1767.85,1714.87,52.98
Switzerland,Algeria,1650.06,1571.03,79.03
Australia,Egypt,1579.34,1562.37,16.97
Argentina,Cabo Verde,1877.27,1371.11,506.16
Colombia,Ghana,1698.35,1346.88,351.47
Canada,Morocco,1559.48,1755.1,-195.62
Paraguay,France,1505.35,1870.7,-365.35
Brazil,Norway,1765.86,1557.44,208.42
Mexico,England,1687.48,1828.02,-140.54
Portugal,Spain,1767.85,1874.71,-106.86
USA,Belgium,1671.23,1742.24,-71.01
Argentina,Egypt,1877.27,1562.37,314.9
Switzerland,Colombia,1650.06,1698.35,-48.29
France,Morocco,1870.7,1755.1,115.6
Spain,Belgium,1874.71,1742.24,132.47
Norway,England,1557.44,1828.02,-270.58
Argentina,Switzerland,1877.27,1650.06,227.21
France,Spain,1870.7,1874.71,-4.01
England,Argentina,1828.02,1877.27,-49.25
France,England,1870.7,1828.02,42.68
Spain,Argentina,1874.71,1877.27,-2.56