Home,Away,Goal_Difference
Mexico,South Africa,2
South Korea,Czechia,1
Canada,Bosnia and Herzegovina,0
United States,Paraguay,3
Qatar,Switzerland,0
Brazil,Morocco,0
Australia,Türkiye,2
Haiti,Scotland,-1
Germany,Curaçao,6
Netherlands,Japan,0
Côte d'Ivoire,Ecuador,1
Sweden,Tunisia,4
Belgium,Egypt,0
Spain,Cabo Verde,0
Saudi Arabia,Uruguay,0
Iran,New Zealand,0
France,Senegal,2
Iraq,Norway,-3
Argentina,Algeria,3
Austria,Jordan,2
Portugal,Democratic Republic of the Congo,0
England,Croatia,2
Ghana,Panama,1
Uzbekistan,Colombia,-2
Czechia,South Africa,0
Switzerland,Bosnia and Herzegovina,3
Canada,Qatar,6
Mexico,South Korea,1
United States,Australia,2
Scotland,Morocco,-1
Türkiye,Paraguay,-1
Brazil,Haiti,3
Netherlands,Sweden,4
Germany,Côte d'Ivoire,1
Ecuador,Curaçao,0
Tunisia,Japan,-4
Spain,Saudi Arabia,4
Belgium,Iran,0
Uruguay,Cabo Verde,0
New Zealand,Egypt,-2
Argentina,Austria,2
France,Iraq,3
Norway,Senegal,1
Jordan,Algeria,-1
Portugal,Uzbekistan,5
England,Ghana,0
Panama,Croatia,-1
Colombia,Democratic Republic of the Congo,1
Switzerland,Canada,1
Bosnia and Herzegovina,Qatar,2
Scotland,Brazil,-3
Morocco,Haiti,2
South Africa,South Korea,1
Czechia,Mexico,-3
Curaçao,Côte d'Ivoire,-2
Ecuador,Germany,1
Tunisia,Netherlands,-2
Japan,Sweden,0
Türkiye,United States,1
Paraguay,Australia,0
Norway,France,-3
Senegal,Iraq,5
Uruguay,Spain,-1
Cabo Verde,Saudi Arabia,0
Egypt,Iran,0
New Zealand,Belgium,-4
Croatia,Ghana,1
Panama,England,-2
Democratic Republic of the Congo,Uzbekistan,2
Colombia,Portugal,0
Jordan,Argentina,-2
Algeria,Austria,0
South Africa,Canada,-1
Brazil,Japan,1
Germany,Paraguay,0
Netherlands,Morocco,0
Côte d'Ivoire,Norway,-1
France,Sweden,3
Mexico,Ecuador,2
England,Democratic Republic of the Congo,1
Belgium,Senegal,1
United States,Bosnia and Herzegovina,2
Spain,Austria,3
Portugal,Croatia,1
Switzerland,Algeria,2
Australia,Egypt,0
Argentina,Cabo Verde,1
Colombia,Ghana,1
Canada,Morocco,-3
Paraguay,France,-1
Brazil,Norway,-1
Mexico,England,-1
Portugal,Spain,-1
United States,Belgium,-3
Argentina,Egypt,1
Switzerland,Colombia,0
France,Morocco,2
Spain,Belgium,1
Norway,England,-1
Argentina,Switzerland,2
France,Spain,-2
England,Argentina,-1
France,England,-2
Spain,Argentina,1
