Round,Wk,Day,Date,Time,Home,Score,Away,Attendance,Venue,Referee,Match Report,Notes
Group stage,1,Thu,11/6/2026,13:00 (04:30),Mexico mx,2–0,za South Africa,"80,824",Estadio Banorte (Neutral Site),Wilton Sampaio,Match Report,
Group stage,1,Thu,11/6/2026,20:00 (11:30),Korea Republic kr,2–1,cz Czechia,"44,985",Estadio Akron (Neutral Site),Amin Omar,Match Report,
Group stage,1,Fri,12/6/2026,15:00 (04:30),Canada ca,1–1,ba Bosnia–Herz,"43,002",BMO Field (Neutral Site),Facundo Tello,Match Report,
Group stage,1,Fri,12/6/2026,18:00 (10:30),USA us,4–1,py Paraguay,"70,492",SoFi Stadium (Neutral Site),Danny Makkelie,Match Report,
Group stage,1,Sat,13/6/2026,12:00 (04:30),Qatar qa,1–1,ch Switzerland,"67,966",Levi's Stadium (Neutral Site),Said Martínez,Match Report,
Group stage,1,Sat,13/6/2026,18:00 (07:30),Brazil br,1–1,ma Morocco,"80,663",MetLife Stadium (Neutral Site),Slavko Vinčič,Match Report,
Group stage,1,Sat,13/6/2026,21:00 (13:30),Australia au,2–0,tr Türkiye,"52,497",BC Place Stadium (Neutral Site),Jesús Valenzuela,Match Report,
Group stage,1,Sat,13/6/2026,21:00 (10:30),Haiti ht,0–1,sct Scotland,"64,146",Gillette Stadium (Neutral Site),Mustapha Ghorbal,Match Report,
Group stage,1,Sun,14/6/2026,12:00 (02:30),Germany de,7–1,cw Curaçao,"68,021",Reliant Stadium (Neutral Site),Jalal Jiyed,Match Report,
Group stage,1,Sun,14/6/2026,15:00 (05:30),Netherlands nl,2–2,jp Japan,"69,285",AT&T Stadium (Neutral Site),Ismail Elfath,Match Report,
Group stage,1,Sun,14/6/2026,19:00 (08:30),Côte d'Ivoire ci,1–0,ec Ecuador,"68,274",Lincoln Financial Field (Neutral Site),François Letexier,Match Report,
Group stage,1,Sun,14/6/2026,20:00 (11:30),Sweden se,5–1,tn Tunisia,"50,987",Estadio BBVA (Neutral Site),Yael Falcón,Match Report,
Group stage,1,Mon,15/6/2026,12:00 (04:30),Belgium be,1–1,eg Egypt,"66,775",Lumen Field (Neutral Site),Ramon Abatti,Match Report,
Group stage,1,Mon,15/6/2026,12:00 (01:30),Spain es,0–0,cv Cabo Verde,"67,640",Mercedes-Benz Stadium (Neutral Site),Adham Makhadmeh,Match Report,
Group stage,1,Mon,15/6/2026,18:00 (07:30),Saudi Arabia sa,1–1,uy Uruguay,"62,764",Hard Rock Stadium (Neutral Site),Maurizio Mariani,Match Report,
Group stage,1,Mon,15/6/2026,18:00 (10:30),IR Iran ir,2–2,nz New Zealand,"70,108",SoFi Stadium (Neutral Site),César Arturo Ramos,Match Report,
Group stage,1,Tue,16/6/2026,15:00 (04:30),France fr,3–1,sn Senegal,"80,545",MetLife Stadium (Neutral Site),Alireza Faghani,Match Report,
Group stage,1,Tue,16/6/2026,18:00 (07:30),Iraq iq,1–4,no Norway,"63,106",Gillette Stadium (Neutral Site),Pierre Ghislain Atcho,Match Report,
Group stage,1,Tue,16/6/2026,20:00 (10:30),Argentina ar,3–0,dz Algeria,"69,045",GEHA Field at Arrowhead Stadium (Neutral Site),Szymon Marciniak,Match Report,
Group stage,1,Tue,16/6/2026,21:00 (13:30),Austria at,3–1,jo Jordan,"68,527",Levi's Stadium (Neutral Site),Dahane Beida,Match Report,
Group stage,1,Wed,17/6/2026,12:00 (02:30),Portugal pt,1–1,cd Congo DR,"68,777",Reliant Stadium (Neutral Site),Abdulrahman Ibrahim Al Jassim,Match Report,
Group stage,1,Wed,17/6/2026,15:00 (05:30),England eng,4–2,hr Croatia,"70,389",AT&T Stadium (Neutral Site),Clément Turpin,Match Report,
Group stage,1,Wed,17/6/2026,19:00 (08:30),Ghana gh,1–0,pa Panama,"42,942",BMO Field (Neutral Site),Glenn Nyberg,Match Report,
Group stage,1,Wed,17/6/2026,20:00 (11:30),Uzbekistan uz,1–3,co Colombia,"80,824",Estadio Banorte (Neutral Site),Anthony Taylor,Match Report,
,,,,,,,,,,,,
Group stage,2,Thu,18/6/2026,12:00 (01:30),Czechia cz,1–1,za South Africa,"67,442",Mercedes-Benz Stadium (Neutral Site),Tori Penso,Match Report,
Group stage,2,Thu,18/6/2026,12:00 (04:30),Switzerland ch,4–1,ba Bosnia–Herz,"70,026",SoFi Stadium (Neutral Site),João Pinheiro,Match Report,
Group stage,2,Thu,18/6/2026,15:00 (07:30),Canada ca,6–0,qa Qatar,"52,497",BC Place Stadium (Neutral Site),Cristián Garay,Match Report,
Group stage,2,Thu,18/6/2026,19:00 (10:30),Mexico mx,1–0,kr Korea Republic,"45,522",Estadio Akron (Neutral Site),Gustavo Tejera,Match Report,
Group stage,2,Fri,19/6/2026,12:00 (04:30),USA us,2–0,au Australia,"66,925",Lumen Field (Neutral Site),Felix Zwayer,Match Report,
Group stage,2,Fri,19/6/2026,18:00 (07:30),Scotland sct,0–1,ma Morocco,"64,146",Gillette Stadium (Neutral Site),Ilgiz Tantashev,Match Report,
Group stage,2,Fri,19/6/2026,20:00 (12:30),Türkiye tr,0–1,py Paraguay,"68,827",Levi's Stadium (Neutral Site),Iván Barton,Match Report,
Group stage,2,Fri,19/6/2026,20:30 (10:00),Brazil br,3–0,ht Haiti,"68,324",Lincoln Financial Field (Neutral Site),Alejandro Hernández,Match Report,
Group stage,2,Sat,20/6/2026,12:00 (02:30),Netherlands nl,5–1,se Sweden,"68,777",Reliant Stadium (Neutral Site),Michael Oliver,Match Report,
Group stage,2,Sat,20/6/2026,16:00 (05:30),Germany de,2–1,ci Côte d'Ivoire,"43,036",BMO Field (Neutral Site),Juan Gabriel Benítez,Match Report,
Group stage,2,Sat,20/6/2026,19:00 (09:30),Ecuador ec,0–0,cw Curaçao,"68,598",GEHA Field at Arrowhead Stadium (Neutral Site),Ma Ning,Match Report,
Group stage,2,Sat,20/6/2026,22:00 (13:30),Tunisia tn,0–4,jp Japan,"51,243",Estadio BBVA (Neutral Site),István Kovács,Match Report,
Group stage,2,Sun,21/6/2026,12:00 (01:30),Spain es,4–0,sa Saudi Arabia,"68,239",Mercedes-Benz Stadium (Neutral Site),Raphael Claus,Match Report,
Group stage,2,Sun,21/6/2026,12:00 (04:30),Belgium be,0–0,ir IR Iran,"70,317",SoFi Stadium (Neutral Site),Darío Herrera,Match Report,
Group stage,2,Sun,21/6/2026,18:00 (07:30),Uruguay uy,2–2,cv Cabo Verde,"64,003",Hard Rock Stadium (Neutral Site),Espen Eskås,Match Report,
Group stage,2,Sun,21/6/2026,18:00 (10:30),New Zealand nz,1–3,eg Egypt,"52,497",BC Place Stadium (Neutral Site),Omar Mohamed Al Ali,Match Report,
Group stage,2,Mon,22/6/2026,12:00 (02:30),Argentina ar,2–0,at Austria,"70,649",AT&T Stadium (Neutral Site),Amin Omar,Match Report,
Group stage,2,Mon,22/6/2026,17:00 (06:30),France fr,3–0,iq Iraq,"68,324",Lincoln Financial Field (Neutral Site),Drew Fischer,Match Report,
Group stage,2,Mon,22/6/2026,20:00 (09:30),Norway no,3–2,sn Senegal,"80,663",MetLife Stadium (Neutral Site),Wilton Sampaio,Match Report,
Group stage,2,Mon,22/6/2026,20:00 (12:30),Jordan jo,1–2,dz Algeria,"68,371",Levi's Stadium (Neutral Site),Slavko Vinčič,Match Report,
Group stage,2,Tue,23/6/2026,12:00 (02:30),Portugal pt,5–0,uz Uzbekistan,"68,777",Reliant Stadium (Neutral Site),Jalal Jayed,Match Report,
Group stage,2,Tue,23/6/2026,16:00 (05:30),England eng,0–0,gh Ghana,"63,983",Gillette Stadium (Neutral Site),Said Martínez,Match Report,
Group stage,2,Tue,23/6/2026,19:00 (08:30),Panama pa,0–1,hr Croatia,"43,036",BMO Field (Neutral Site),Pierre Ghislain Atcho,Match Report,
Group stage,2,Tue,23/6/2026,20:00 (11:30),Colombia co,1–0,cd Congo DR,"45,358",Estadio Akron (Neutral Site),Maurizio Mariani,Match Report,
,,,,,,,,,,,,
Group stage,3,Wed,24/6/2026,12:00 (04:30),Switzerland ch,2–1,ca Canada,"52,497",BC Place Stadium (Neutral Site),Ramon Abatti,Match Report,
Group stage,3,Wed,24/6/2026,12:00 (04:30),Bosnia–Herz ba,3–1,qa Qatar,"66,925",Lumen Field (Neutral Site),Jesús Valenzuela,Match Report,
Group stage,3,Wed,24/6/2026,18:00 (07:30),Scotland sct,0–3,br Brazil,"64,478",Hard Rock Stadium (Neutral Site),César Arturo Ramos,Match Report,
Group stage,3,Wed,24/6/2026,18:00 (07:30),Morocco ma,4–2,ht Haiti,"68,239",Mercedes-Benz Stadium (Neutral Site),Danny Makkelie,Match Report,
Group stage,3,Wed,24/6/2026,19:00 (10:30),South Africa za,1–0,kr Korea Republic,"51,243",Estadio BBVA (Neutral Site),Facundo Tello,Match Report,
Group stage,3,Wed,24/6/2026,19:00 (10:30),Czechia cz,0–3,mx Mexico,"80,824",Estadio Banorte (Neutral Site),Yael Falcón,Match Report,
Group stage,3,Thu,25/6/2026,16:00 (05:30),Curaçao cw,0–2,ci Côte d'Ivoire,"68,324",Lincoln Financial Field (Neutral Site),Glenn Nyberg,Match Report,
Group stage,3,Thu,25/6/2026,16:00 (05:30),Ecuador ec,2–1,de Germany,"80,663",MetLife Stadium (Neutral Site),Tori Penso,Match Report,
Group stage,3,Thu,25/6/2026,18:00 (08:30),Tunisia tn,1–3,nl Netherlands,"68,391",GEHA Field at Arrowhead Stadium (Neutral Site),Katia García,Match Report,
Group stage,3,Thu,25/6/2026,18:00 (08:30),Japan jp,1–1,se Sweden,"70,137",AT&T Stadium (Neutral Site),Iván Barton,Match Report,
Group stage,3,Thu,25/6/2026,19:00 (11:30),Türkiye tr,3–2,us USA,"70,492",SoFi Stadium (Neutral Site),Mustapha Ghorbal,Match Report,
Group stage,3,Thu,25/6/2026,19:00 (11:30),Paraguay py,0–0,au Australia,"68,827",Levi's Stadium (Neutral Site),Clément Turpin,Match Report,
Group stage,3,Fri,26/6/2026,15:00 (04:30),Norway no,1–4,fr France,"64,146",Gillette Stadium (Neutral Site),Michael Oliver,Match Report,
Group stage,3,Fri,26/6/2026,15:00 (04:30),Senegal sn,5–0,iq Iraq,"43,036",BMO Field (Neutral Site),Anthony Taylor,Match Report,
Group stage,3,Fri,26/6/2026,18:00 (09:30),Uruguay uy,0–1,es Spain,"45,065",Estadio Akron (Neutral Site),Ismail Elfath,Match Report,
Group stage,3,Fri,26/6/2026,19:00 (09:30),Cabo Verde cv,0–0,sa Saudi Arabia,"68,278",Reliant Stadium (Neutral Site),François Letexier,Match Report,
Group stage,3,Fri,26/6/2026,20:00 (12:30),Egypt eg,1–1,ir IR Iran,"66,925",Lumen Field (Neutral Site),Szymon Marciniak,Match Report,
Group stage,3,Fri,26/6/2026,20:00 (12:30),New Zealand nz,1–5,be Belgium,"52,497",BC Place Stadium (Neutral Site),Adham Makhadmeh,Match Report,
Group stage,3,Sat,27/6/2026,17:00 (06:30),Croatia hr,2–1,gh Ghana,"68,324",Lincoln Financial Field (Neutral Site),Drew Fischer,Match Report,
Group stage,3,Sat,27/6/2026,17:00 (06:30),Panama pa,0–2,eng England,"80,663",MetLife Stadium (Neutral Site),Abdulrahman Ibrahim Al Jassim,Match Report,
Group stage,3,Sat,27/6/2026,19:30 (09:00),Congo DR cd,3–1,uz Uzbekistan,"68,239",Mercedes-Benz Stadium (Neutral Site),Felix Zwayer,Match Report,
Group stage,3,Sat,27/6/2026,19:30 (09:00),Colombia co,0–0,pt Portugal,"64,478",Hard Rock Stadium (Neutral Site),Alireza Faghani,Match Report,
Group stage,3,Sat,27/6/2026,21:00 (11:30),Jordan jo,1–3,ar Argentina,"70,649",AT&T Stadium (Neutral Site),István Kovács,Match Report,
Group stage,3,Sat,27/6/2026,21:00 (11:30),Algeria dz,3–3,at Austria,"69,045",GEHA Field at Arrowhead Stadium (Neutral Site),Ilgiz Tantashev,Match Report,
,,,,,,,,,,,,
Round of 32,,Sun,28/6/2026,12:00 (04:30),South Africa za,0–1,ca Canada,"69,237",SoFi Stadium (Neutral Site),João Pinheiro,Match Report,
Round of 32,,Mon,29/6/2026,12:00 (02:30),Brazil br,2–1,jp Japan,"68,777",Reliant Stadium (Neutral Site),Maurizio Mariani,Match Report,
Round of 32,,Mon,29/6/2026,16:30 (06:00),Germany de,(3) 1–1 (4),py Paraguay,"63,945",Gillette Stadium (Neutral Site),Jalal Jayed,Match Report,Paraguay won a penalty shoot-out following extra time
Round of 32,,Mon,29/6/2026,19:00 (10:30),Netherlands nl,(2) 1–1 (3),ma Morocco,"51,243",Estadio BBVA (Neutral Site),Wilton Sampaio,Match Report,Morocco won a penalty shoot-out following extra time
Round of 32,,Tue,30/6/2026,12:00 (02:30),Côte d'Ivoire ci,1–2,no Norway,"69,665",AT&T Stadium (Neutral Site),Jesús Valenzuela,Match Report,
Round of 32,,Tue,30/6/2026,17:00 (06:30),France fr,3–0,se Sweden,"80,663",MetLife Stadium (Neutral Site),Danny Makkelie,Match Report,
Round of 32,,Tue,30/6/2026,20:00 (11:30),Mexico mx,2–0,ec Ecuador,"80,824",Estadio Banorte (Neutral Site),Slavko Vinčič,Match Report,
Round of 32,,Wed,1/7/2026,12:00 (01:30),England eng,2–1,cd Congo DR,"68,239",Mercedes-Benz Stadium (Neutral Site),Adham Makhadmeh,Match Report,
Round of 32,,Wed,1/7/2026,13:00 (05:30),Belgium be,3–2,sn Senegal,"66,925",Lumen Field (Neutral Site),Said Martínez,Match Report,Required Extra Time
Round of 32,,Wed,1/7/2026,17:00 (09:30),USA us,2–0,ba Bosnia–Herz,"68,827",Levi's Stadium (Neutral Site),Raphael Claus,Match Report,
Round of 32,,Thu,2/7/2026,12:00 (04:30),Spain es,3–0,at Austria,"70,492",SoFi Stadium (Neutral Site),Glenn Nyberg,Match Report,
Round of 32,,Thu,2/7/2026,19:00 (08:30),Portugal pt,2–1,hr Croatia,"43,036",BMO Field (Neutral Site),Espen Eskås,Match Report,
Round of 32,,Thu,2/7/2026,20:00 (12:30),Switzerland ch,2–0,dz Algeria,"52,497",BC Place Stadium (Neutral Site),Yael Falcón,Match Report,
Round of 32,,Fri,3/7/2026,13:00 (03:30),Australia au,(2) 1–1 (4),eg Egypt,"70,244",AT&T Stadium (Neutral Site),Gustavo Tejera,Match Report,Egypt won a penalty shoot-out following extra time
Round of 32,,Fri,3/7/2026,18:00 (07:30),Argentina ar,3–2,cv Cabo Verde,"64,478",Hard Rock Stadium (Neutral Site),Drew Fischer,Match Report,Required Extra Time
Round of 32,,Fri,3/7/2026,20:30 (11:00),Colombia co,1–0,gh Ghana,"69,045",GEHA Field at Arrowhead Stadium (Neutral Site),Clément Turpin,Match Report,
Round of 16,,Sat,4/7/2026,12:00 (02:30),Canada ca,0–3,ma Morocco,"68,777",Reliant Stadium (Neutral Site),Michael Oliver,Match Report,
Round of 16,,Sat,4/7/2026,17:00 (06:30),Paraguay py,0–1,fr France,"68,324",Lincoln Financial Field (Neutral Site),Ilgiz Tantashev,Match Report,
Round of 16,,Sun,5/7/2026,16:00 (05:30),Brazil br,1–2,no Norway,"80,663",MetLife Stadium (Neutral Site),Ismail Elfath,Match Report,
Round of 16,,Sun,5/7/2026,19:00 (10:30),Mexico mx,2–3,eng England,"80,824",Estadio Banorte (Neutral Site),Alireza Faghani,Match Report,
Round of 16,,Mon,6/7/2026,14:00 (04:30),Portugal pt,0–1,es Spain,"70,649",AT&T Stadium (Neutral Site),Anthony Taylor,Match Report,
Round of 16,,Mon,6/7/2026,17:00 (09:30),USA us,1–4,be Belgium,"66,925",Lumen Field (Neutral Site),Adham Makhadmeh,Match Report,
Round of 16,,Tue,7/7/2026,12:00 (01:30),Argentina ar,3–2,eg Egypt,"68,239",Mercedes-Benz Stadium (Neutral Site),François Letexier,Match Report,
Round of 16,,Tue,7/7/2026,13:00 (05:30),Switzerland ch,(4) 0–0 (3),co Colombia,"52,497",BC Place Stadium (Neutral Site),Iván Barton,Match Report,Switzerland won a penalty shoot-out following extra time
Quarter-finals,,Thu,9/7/2026,16:00 (05:30),France fr,2–0,ma Morocco,"63,811",Gillette Stadium (Neutral Site),Facundo Tello,Match Report,
Quarter-finals,,Fri,10/7/2026,12:00 (04:30),Spain es,2–1,be Belgium,"70,492",SoFi Stadium (Neutral Site),Michael Oliver,Match Report,
Quarter-finals,,Sat,11/7/2026,17:00 (06:30),Norway no,1–2,eng England,"64,478",Hard Rock Stadium (Neutral Site),Clément Turpin,Match Report,Required Extra Time
Quarter-finals,,Sat,11/7/2026,20:00 (10:30),Argentina ar,3–1,ch Switzerland,"69,045",GEHA Field at Arrowhead Stadium (Neutral Site),João Pinheiro,Match Report,Required Extra Time
Semi-finals,,Tue,14/7/2026,14:00 (04:30),France fr,0–2,es Spain,"70,176",AT&T Stadium (Neutral Site),Iván Barton,Match Report,
Semi-finals,,Wed,15/7/2026,15:00 (04:30),England eng,1–2,ar Argentina,"68,239",Mercedes-Benz Stadium (Neutral Site),Ismail Elfath,Match Report,
Third-place match,,Sat,18/7/2026,17:00 (06:30),France fr,4–6,eng England,"64,478",Hard Rock Stadium (Neutral Site),Jesús Valenzuela,Match Report,
Final,,Sun,19/7/2026,15:00 (04:30),Spain es,1–0,ar Argentina,"80,663",MetLife Stadium (Neutral Site),Slavko Vinčič,Match Report,Required Extra Time