Rk,League,Country,List of Countries,,,
1,English Premier League,eng ENG, ENG-21 · NED-16 · BRA-8 · SCO-8 · SWE-8 · BEL-7 · FRA-7 · NOR-7 · POR-7 · SEN-7 · ESP-7 · ARG-6 · GER-5 · COD-4 · MAR-4 · SUI-4 · USA-4 · CIV-3 · ECU-3 · JPN-3 · URU-3 · COL-2 · CRO-2 · CZE-2 · EGY-2 · HAI-2 · MEX-2 · PAR-2 · TUR-2 · ALG · AUT · CAN · GHA · KOR · NZL · RSA · TUN · UZB,,,
2,German Bundesliga,de GER, GER-20 · AUT-14 · SUI-8 · JPN-7 · CRO-5 · ALG-4 · CZE-4 · BIH-3 · KOR-3 · NOR-3 · SWE-3 · TUN-3 · TUR-3 · USA-3 · AUS-2 · CIV-2 · ENG-2 · FRA-2 · MAR-2 · SEN-2 · ARG · BEL · CAN · COL · ECU · GHA · NED · ESP,,,
3,Spanish La Liga,es ESP, ESP-17 · ARG-7 · GHA-4 · MAR-4 · POR-4 · SUI-4 · URU-4 · CAN-3 · CRO-3 · ENG-3 · FRA-3 · AUT-2 · BEL-2 · BRA-2 · COL-2 · COD-2 · MEX-2 · NOR-2 · SEN-2 · AUS · CPV · CIV · EGY · GER · JPN · NED · SWE · TUR · USA,,,
4,French Ligue 1,fr FRA, FRA-8 · SEN-8 · GHA-6 · MAR-6 · ALG-5 · ARG-5 · BEL-5 · COD-4 · CIV-4 · POR-4 · SUI-3 · TUN-3 · USA-3 · BRA-2 · CAN-2 · HAI-2 · BIH · COL · CZE · ECU · EGY · JPN · JOR · KOR · NED · PAR · KSA · ESP,,,
5,Italian Serie A (M),it ITA, CRO-7 · BEL-5 · NOR-5 · FRA-4 · NED-4 · SCO-4 · SUI-4 · BRA-3 · CIV-3 · SWE-3 · TUR-3 · ARG-2 · AUS-2 · BIH-2 · CAN-2 · COL-2 · MEX-2 · POR-2 · USA-2 · ALG · ECU · JPN · MAR · PAR · SEN · URU,,,
,,,,,,
,,,,,,
,,,,,,
,,,,,,
,,,,,,
,,,,,,
,,,,,,
,,,,,,
,,,,,,
,,,,,,
,,,,,,
,,,,,,
,,,,,,
,,,,,,
,,,,,,
,,,,,,
,,,,,,
,,,,,,
,,,,,,
,,,,,,
,,,,,,
,,,,,,
,,,,,,
,,,,,,
,,,,,,
,,,,,,
,,,,,,
,,,,,,
,,,,,,
,,,,,,
,,,,,,
,,,,,,
,,,,,,
,,,,,,
,,,,,,
,,,,,,
,,,,,,
,,,,,,
,,,,,,
,,,,,,
,,,,,,
,,,,,,
,,,,,,
,,,,,,
,,,,,,
,,,,,,
,,,,,,
,,,,,,
,,,,,,
,,,,,,
,,,,,,
,,,,,,
,,,,,,
,,,,,,
,,,,,,
,,,,,,
,,,,,,
,,,,,,
,,,,,,
,,,,,,
,,,,,,
,,,,,,
,,,,,,
,,,,,,
,,,,,,
,,,,,,
,,,,,,
,,,,,,
,,,,,,
,,,,,,
,,,,,,
,,,,,,
,,,,,,
,,,,,,
,,,,,,
,,,,,,
,,,,,,
,,,,,,
,,,,,,
,,,,,,
,,,,,,
,,,,,,
,,,,,,